name_anno,max_exp,max_exp_raw
125465,24.41,22799791.93
84665,24.14,18799977.78
141423,24.12,19998407
82560,24.05,17950103.22
105065,23.76,15320662.4
142626,23.76,14381818.83
79000,23.48,11927066.1
42195,23.44,12653714.27
41691,23.36,11077502.92
46246,23.34,11296647.49
78378,23.21,10081540.11
46390,23.18,9921220.79
85647,23.17,9676534.27
46347,23.12,9680081.44
114497,23.1,10490482.46
6602,23.06,8943176.93
136098,23.03,9238889.98
142698,23,9192651.52
12559,22.99,8499224.85
82753,22.97,8799926.63
138997,22.95,8211799.34
136262,22.94,8579160.18
145675,22.93,8848252.8
136227,22.93,8760997.99
140619,22.83,7895445.84
117613,22.82,8211877.34
85300,22.81,8480195.94
80143,22.78,7619081.03
116490,22.76,7547782.48
120109,22.76,8135636.43
36111,22.76,7994525.11
79468,22.75,7558690.46
A0A6S8DW52,22.74,7370043.69
83394,22.74,7866874.59
137957,22.73,7480775.44
42736,22.69,6980394.03
142158,22.68,6986013.94
137978,22.66,7084235.26
83660,22.64,7169605.18
140148,22.64,7044626.43
42092,22.63,6737476.18
141485,22.63,7105897.08
A0A6S8EEA1,22.6,6783336.44
42384,22.59,6704160.66
45653,22.59,6562042.29
142771,22.58,6708241.81
142206,22.57,6737172.7
86370,22.56,6949323.34
142393,22.55,6414883.88
118443,22.52,6463394.57
78450,22.5,6579080.14
46198,22.49,6508347.06
44289,22.48,5948883.25
72566,22.48,6425337.68
71960,22.46,5930159.24
139905,22.42,6068435.39
63582,22.41,6036418.06
137113,22.41,6290733.6
83414,22.41,5778396.5
44843,22.4,5934821.2
47709,22.38,5796373.95
34362,22.35,6159798.44
81320,22.35,5600200.42
141670,22.34,5539913.55
83274,22.33,5735870.97
142686,22.31,5290994.46
2614,22.3,5250300
44127,22.29,5334943.33
142895,22.29,5386820.37
142238,22.29,5499323.91
139509,22.28,5250410.96
139055,22.26,5011819.13
140531,22.25,5419285.72
139062,22.24,5264645.36
42275,22.24,5550508.4
68849,22.22,5307327.35
115689,22.21,5300294.32
141892,22.21,5156607.6
43132,22.2,8897566.41
43296,22.19,5145562.29
107249,22.19,5784790.64
142419,22.19,9047225.08
137277,22.18,5309354.7
141948,22.17,4813024.97
136855,22.16,4867195.9
42124,22.16,5083514.06
142637,22.16,4898174.33
44030,22.15,4714838.23
147947,22.15,4978900
48072,22.14,5188533.19
37145,22.14,5298252.47
A0A6S8FUX8,22.14,5318321.09
136697,22.13,5318177.64
141059,22.13,4914131.99
146288,22.13,4943350.66
138233,22.13,4758793.78
136463,22.13,4792037.67
117291,22.13,5246774.16
A0A6S8CEQ0,22.12,4701692.86
43379,22.12,4855133.91
138365,22.11,4611057.54
125563,22.1,4641815.47
83581,22.1,4742643.24
A0A6S8DRH6,22.08,5048012.79
114891,22.08,4833706.69
68789,22.07,4884394.47
44584,22.07,4502990.37
45451,22.04,4481640.35
45185,22.04,4510664.59
11058,22.04,4607402
41896,22.03,4540266.69
122551,22.03,4471235.71
A0A6S8AS53,22.03,4456630.15
136502,22.03,4693727.84
42143,22.03,4592706.2
115514,22.03,4525400
82725,22.03,4443739.53
A0A6S8EZC4,22.02,4531312.08
42058,22.01,4834032.8
45310,22,4455456.23
73845,22,4382769.9
83486,22,5069338.74
136048,21.99,4287907.21
34480,21.99,4371872.74
48519,21.99,4384045.02
A0A6S8ETX0,21.97,4336108.14
69658,21.97,4066277.85
37656,21.97,4524151.19
47450,21.96,4622790
43262,21.96,4148585.92
47491,21.95,4214796.44
46880,21.94,4329643.88
137186,21.94,4031800
137668,21.94,4100543.64
140047,21.93,4621551.44
45860,21.92,4142464.86
104882,21.91,4659178.48
46720,21.91,4957604.34
44064,21.91,4796719.03
140607,21.91,4226645.76
48616,21.91,3975126.94
45900,21.91,4140732.16
72990,21.9,4132953.57
39605,21.9,4280737.55
5476,21.9,4091860.46
42828,21.9,4041850.74
71163,21.9,4302511.79
42652,21.89,4130303.68
80369,21.88,4476946.75
6170,21.88,4124774.6
115161,21.88,4281524
114188,21.87,4393691.32
140885,21.87,4025580.16
2136,21.86,4469262.62
45035,21.86,4053025.93
126688,21.86,4080521.61
140542,21.86,4474253.8
120126,21.85,4089009.35
8441,21.85,3875840.58
82186,21.84,4177095.55
42290,21.84,3755960.65
102883,21.84,4002906.65
44178,21.83,4236999.74
114364,21.83,3975198.51
137176,21.83,3880104.86
140959,21.82,3725160.79
72735,21.81,3867281.08
136647,21.81,4068380.01
61706,21.8,3874734.32
136268,21.8,3729820.8
140992,21.77,4068200
141478,21.77,4298000
A0A6S8BDF3,21.77,3570402.66
28528,21.76,3796162.82
48661,21.76,4062883.8
140998,21.76,3925104.94
46627,21.75,3797938.46
47601,21.75,3733727.39
47873,21.73,3693133.92
138216,21.73,3599334.91
66605,21.73,3953681.5
140639,21.73,3695650.25
75346,21.72,3601854.41
43584,21.72,3643314.51
46343,21.72,3795526.14
74137,21.71,4203289.11
142396,21.71,3702435.66
140804,21.7,3481324.03
43598,21.7,3832177.71
69685,21.7,3545503.13
42278,21.69,3424559.22
46997,21.68,3436021.56
45810,21.67,3546111.8
142511,21.67,3702140.49
47540,21.66,3491543.85
85053,21.66,3479801.83
75393,21.66,3924414.79
48454,21.66,3334693.22
115215,21.65,3799397.8
34765,21.64,3512927.5
142565,21.64,3756562.34
45370,21.64,3367465.19
44270,21.63,3824152.43
83142,21.63,3236091.65
136196,21.63,3949272.27
76810,21.63,3521278.46
42891,21.61,3353811.94
43167,21.61,3547835.4
44258,21.61,3424500.85
116011,21.61,3659443.44
142722,21.61,3400943.27
43893,21.61,3473568.92
82949,21.61,3206037.39
136607,21.6,3625889.09
71680,21.6,3320682.29
139729,21.59,3534450.36
41637,21.59,3460200
42084,21.59,3520918.26
116973,21.58,3384333.05
138951,21.58,3822115.59
48045,21.58,3608778.39
139036,21.58,3305051.5
137611,21.58,3454730.95
140755,21.58,3696859.32
138285,21.58,3428374.43
137857,21.57,3434613.41
71966,21.57,3341217.73
137433,21.57,3268730.89
46884,21.56,3330932.96
136651,21.56,3641475.31
7974,21.56,3188258.18
42438,21.56,3309668.01
138363,21.56,3333099.87
74731,21.56,3615339.03
139766,21.55,3346176.68
40066,21.55,3220282.11
7713,21.55,3130332.57
138764,21.54,3157251.96
149581,21.54,3357946.74
42941,21.54,3390589.42
46169,21.53,3330877.12
119116,21.53,3112023.03
1192,21.53,3348408.82
72646,21.53,3604582.6
82080,21.52,3292519.56
85288,21.52,3198287.33
9990,21.52,3230621
142750,21.51,2962278.6
142887,21.51,3390442.3
98848,21.51,3148301.09
45604,21.51,3493826.97
A0A6S8ESA7,21.51,3208693.06
140215,21.51,3178361.62
142921,21.51,3196451.93
46582,21.51,3453776.89
38006,21.5,3129898.87
45357,21.5,3308245.77
76848,21.5,3195263.46
A0A6S8E3I3,21.49,3188455.26
141377,21.49,3041444.44
47525,21.49,3557464.53
141707,21.48,3093591.76
79344,21.48,3595795.92
70503,21.48,3023132.08
71189,21.47,3129791.71
45444,21.47,3092902.78
43700,21.47,3110728.14
138220,21.47,3141436.12
116188,21.46,3245156.72
137280,21.45,3087159.12
42142,21.44,3136248.32
140942,21.44,2967235.95
139962,21.44,3144609.66
46782,21.44,3791915.14
69076,21.44,3250434.46
105921,21.43,3176922.5
41622,21.43,3099326.23
79063,21.42,3075393.41
140668,21.41,2905043.37
47403,21.41,2888420.7
71528,21.41,3309014.1
137670,21.41,3032956.75
137221,21.4,3406505.13
142871,21.4,2882324.6
83237,21.39,3088520.35
43908,21.38,3026846.53
138926,21.38,2986137.31
138808,21.38,3132356.74
47755,21.38,2968120.28
47930,21.38,2912389.37
42671,21.37,2971681.33
39355,21.37,3306786.59
46158,21.36,3138627.6
43822,21.36,2838700.75
70359,21.35,3438505.8
114690,21.35,2806571.79
137494,21.34,2816217.09
117391,21.34,3075702.09
47441,21.34,2848529.82
140373,21.34,2745309.84
104908,21.33,2854828.34
A0A6S8C3D4,21.33,2939153.4
68400,21.33,2953758.46
70150,21.33,2784493.9
85466,21.33,2940970.47
41994,21.33,2872874.36
47886,21.33,2821890.74
44896,21.32,2691602.5
139589,21.32,2661800
136301,21.32,2707201.66
43850,21.31,2845275.78
46982,21.31,2966455.49
139108,21.3,2729158.73
138959,21.3,2738757.25
142583,21.3,2903316.03
A0A3S9VMC7,21.3,3161400
137368,21.29,2813377.63
79105,21.29,2767842.62
62499,21.28,2968910.39
43799,21.28,2691250.39
137187,21.28,2820269.17
46560,21.27,3181858.56
74103,21.26,2687963.47
138946,21.26,2607400
142380,21.26,2692078.77
140756,21.26,2761597.97
139742,21.26,2743795.23
A0A6S8GJ71,21.25,2893167.25
54189,21.25,2773735.62
138458,21.24,2667786.45
140893,21.24,2735695.52
48468,21.24,2773041.74
47355,21.24,2718826.89
142917,21.24,2626213.43
100711,21.22,2981408.99
136286,21.22,2672323.89
47633,21.22,2820530.8
73779,21.21,2513383.24
A0A6S8BNI4,21.21,2614816.39
84347,21.21,2686349.6
42133,21.21,2562217.06
78757,21.2,2567395.64
45412,21.2,2552005.12
44342,21.2,2660851.22
43568,21.2,2648701.67
43961,21.2,2949334.45
136299,21.19,2607214.35
75654,21.19,2644541.18
139091,21.17,2697396.3
73186,21.17,2501338.05
70139,21.17,2498036.29
137990,21.17,2795180.6
48380,21.17,2760517.63
45216,21.16,2470239.82
140120,21.16,2531512.4
137104,21.15,2551295.7
137794,21.15,2650219.19
85346,21.15,2449925.45
36775,21.15,2978642.14
143033,21.14,2488572.16
120334,21.14,2386578.75
52765,21.14,2544120.4
44935,21.14,2469091.18
140822,21.13,2721861.36
124602,21.13,2578414.7
48515,21.13,2473312.22
136654,21.13,2593825.33
A0A6S8EM18,21.13,2537152.03
69542,21.12,2503466.9
142768,21.12,2354587.35
42238,21.12,2603793.8
139080,21.11,2390243.68
68334,21.11,2817000
140071,21.11,2614155.74
139154,21.11,2666538.65
41946,21.11,2617828.82
136376,21.1,2534273.51
44539,21.1,2693216.3
80810,21.1,2453594.22
141761,21.09,2400729.84
43100,21.09,2723293.21
48373,21.09,2491570.52
46923,21.09,2661600.53
139799,21.08,2376552.32
139427,21.07,2484387.81
7531,21.07,2443399.72
44810,21.07,2244013.24
73963,21.06,2307436.42
139747,21.06,2438275.41
139391,21.06,2339746.92
44417,21.05,2284859.14
140684,21.05,2321353.09
81934,21.05,2348906.82
142443,21.05,2318226.38
63536,21.04,2158274.14
81660,21.04,2448919.87
80026,21.04,2394632.7
34306,21.04,2264641.42
138980,21.04,2550234.07
136102,21.04,2284092.19
42764,21.04,2311104.6
12485,21.03,2499107.2
A0A6S8EMD9,21.03,2229935.46
243,21.03,2349299.94
48707,21.02,2387226.32
85731,21.02,2545574.05
136702,21.02,2181486.24
44339,21.02,2236463.51
139455,21.02,2231818.98
A0A6S7ZE18,21.02,2600227.68
142194,21.02,2320597.56
130100,21.01,2395314.88
43520,21.01,2158182.98
141651,21.01,2154595.7
137849,21.01,2436095.7
46070,21,2175179.35
139081,21,2434058.46
45236,21,2154745.18
142428,21,2290498.51
103007,21,2092416.54
142490,21,2249913.57
142440,20.99,2370645.91
42435,20.99,2128920.3
73614,20.99,2491166.69
44962,20.98,2322406.46
44559,20.98,2374849.31
41827,20.97,2305031.24
138707,20.97,2235822.39
60936,20.97,2159905.9
45399,20.97,2305821.36
42915,20.96,2357047.41
141222,20.96,2145867.64
76700,20.96,2096910.71
140610,20.96,2180097.23
58598,20.96,2164264.93
6812,20.95,2070351.66
42525,20.95,2271620.02
81116,20.94,2205591.62
117715,20.94,2474150.4
44976,20.94,2320402.31
44404,20.94,2382526.27
139751,20.94,2223088.99
46847,20.94,2279043.46
140770,20.93,2135087.08
84586,20.93,2983958.37
35030,20.93,2215080.06
30894,20.92,2161400.41
138074,20.91,2406015.74
814,20.91,2207805.23
45831,20.91,2232166.01
83784,20.91,2223516.08
60944,20.91,2144823.7
47826,20.91,2078481.07
43000,20.9,2044746.1
46910,20.9,2090666.54
119810,20.9,2298707.58
109737,20.9,2069900
123824,20.9,2378411.36
73873,20.89,2344600
142578,20.89,2072509.36
101509,20.89,2200210.7
47988,20.89,2119053.06
9614,20.89,2346082.12
76233,20.89,2060368.6
47295,20.89,2208100
A0A6S8C6T5,20.87,2180620.08
138203,20.87,2105168.39
29301,20.86,2051697.89
8126,20.86,2020656.79
45760,20.86,2097144.18
45449,20.86,2028007.74
136608,20.85,2069486.84
43746,20.85,1955855.23
115200,20.85,1962262.33
69397,20.85,2174793.85
78224,20.84,2316881.34
70178,20.84,1970836.03
116936,20.83,2073645.5
139292,20.83,2117627.36
47773,20.83,2096093.59
45223,20.82,2177535.2
69326,20.82,2164281.61
137616,20.82,1926540.73
139114,20.82,2223128.82
75220,20.82,1903429.66
139328,20.81,2133080.53
137613,20.81,2080393.17
47705,20.81,1883889.36
46457,20.81,1996388.04
141086,20.8,1906467.53
141352,20.8,2009853.88
76018,20.8,1904222.47
42182,20.8,2009836.88
140906,20.8,2020976.71
45948,20.79,1826637.56
29416,20.79,1990345.5
141237,20.79,1917466.34
41586,20.79,2082797.3
70167,20.78,1891986.19
138505,20.78,2007811.84
71350,20.78,2000110.86
137525,20.78,1956832.5
140633,20.78,1923665.78
40033,20.77,1951710.18
139715,20.77,2023243.44
137377,20.77,2045384.24
77767,20.77,1944841.25
139555,20.77,2029680.6
136865,20.77,1961988.03
140078,20.77,1955904.7
44883,20.77,1928659.77
141656,20.77,1926728.67
141950,20.76,2240164.16
140516,20.76,2159880.38
136164,20.76,2093754.19
35248,20.76,1970041.9
45395,20.76,1924317.99
44310,20.75,1789281.14
A0A6S8DAI1,20.75,1870569.98
A0A6S8AYH3,20.75,2171587.78
52020,20.75,2248120.85
49344,20.74,2253200
141448,20.74,1990928.96
76467,20.73,1895855.18
75184,20.73,1780794.05
138805,20.73,2123059.5
42417,20.72,1872336.23
48674,20.72,1916664.19
142806,20.72,1938733.66
52554,20.72,2244100
29872,20.71,2213820.02
141004,20.71,1922622.08
42973,20.71,2072467.28
34581,20.71,1801500
40250,20.71,1913664.32
48124,20.71,1902451.6
A0A6S8CNC6,20.71,1934082.78
44669,20.7,1764527.79
142114,20.7,1812334.86
45032,20.7,1850171.98
45134,20.69,1863826.65
631,20.69,1912631.07
A0A6S8EX42,20.69,1843556.57
136342,20.68,1921412.25
48265,20.68,2120711.83
44120,20.68,2101755.22
45929,20.68,1799094.02
44025,20.67,2224757.42
137354,20.67,1748656.97
137840,20.67,1864848.27
81433,20.66,1860822.59
45608,20.65,1712659.86
141833,20.65,1951714.15
139073,20.65,1805951.29
43938,20.64,1782185.66
42422,20.64,1843756.56
46743,20.64,2142194.03
42250,20.64,1746714.51
41800,20.63,1875965.34
47463,20.63,1733981.79
47193,20.63,1755703.37
70957,20.63,3525236.47
80982,20.62,1974552.05
103997,20.62,1739226.83
11390,20.62,1687584.59
9170,20.62,1885229.1
35090,20.62,1752826.94
2349,20.62,1726869.25
70519,20.62,1729350.5
74860,20.61,1696235.64
50213,20.61,1647685.93
47005,20.61,1570482.97
141672,20.61,1971282.84
42885,20.61,1776298.21
118266,20.6,1783654.73
6697,20.6,1758700
43565,20.6,1809920.2
47961,20.59,1724612.65
41840,20.59,1930236.32
43039,20.59,1675467.55
A0A6S8E157,20.59,1668893.12
83039,20.58,1667912.25
44467,20.58,1878499.18
42521,20.58,3671782.12
141703,20.58,1609858.23
74907,20.57,1830304.04
118763,20.57,1765626.02
43290,20.57,1805187.63
43422,20.57,1945891.57
140971,20.57,1583031.65
41722,20.57,1723600
A0A6S8EZV0,20.56,1724112.86
139992,20.56,1755366.37
42009,20.56,1730536.8
139481,20.56,1798215.05
42455,20.56,1744566.59
139726,20.56,1723736.64
48779,20.56,1727146.31
A0A6S8EN07,20.55,1842313.11
70776,20.55,1735910.2
69401,20.54,1853870.71
44778,20.54,1790448.37
81423,20.54,1673793.31
138966,20.54,1535056.92
113726,20.54,1688607.41
138852,20.54,1613302.96
34735,20.54,1837580.79
A0A6S8D267,20.53,1580960.01
42421,20.53,1702094.06
43122,20.53,1776118.98
139165,20.53,1680827.02
67186,20.53,1654168.93
140489,20.53,1685675.45
44203,20.53,1662383.94
116372,20.53,1683729.67
137784,20.53,1783212.99
136766,20.52,1653680.27
43817,20.52,1574827.98
138237,20.52,1647088.98
63111,20.52,1654942.99
45927,20.51,1791937.17
136539,20.51,1605736.09
140845,20.51,1678057.87
140690,20.51,1640964.31
139978,20.51,1776371.95
136571,20.51,1849097.86
43547,20.5,1799362.09
46635,20.5,1546594.58
141881,20.5,1773086.58
43066,20.5,1834962.08
46809,20.5,1813874.22
136093,20.5,1705128.94
118179,20.49,1821781.2
73221,20.49,2002956.76
138217,20.49,1857626.96
58480,20.49,1675631.58
137243,20.49,1639448.09
141876,20.49,1700778.7
142693,20.49,1648939.22
44953,20.49,1682454.65
137462,20.49,1514391.33
111860,20.48,1729984.01
140210,20.48,1568549.8
141319,20.48,1780804.87
58081,20.48,1549578.35
136361,20.48,1705051.74
136325,20.48,1624120.58
41997,20.48,1494818.66
45508,20.47,1770425.49
141473,20.47,1661773.81
136398,20.46,1689173.03
A0A6S8FCD2,20.46,1622196.53
81247,20.46,1887286.22
109712,20.46,1635041.03
43796,20.45,1525216.99
111355,20.45,1570563.71
136475,20.45,1728506.21
45959,20.45,1651979.12
141652,20.44,1533086.74
48833,20.44,1564300.66
48617,20.44,1609470.78
43942,20.44,1856293.48
48319,20.43,1466100
141937,20.43,1691267.29
48848,20.43,1587263.07
75978,20.43,1639943.39
140561,20.43,1515093.76
42207,20.42,1479574.88
45175,20.42,1550688.36
42929,20.42,1779583.03
44303,20.41,1464981.48
77589,20.41,1474780.66
139855,20.41,1467069.01
138527,20.4,1521311.41
140487,20.4,1673172.68
97832,20.4,1577140.82
A0A6S8DA03,20.4,1490112.51
149380,20.4,1386451.71
138558,20.4,1587084.81
43661,20.4,1814067.56
142157,20.39,1681278.42
46953,20.39,1580004.53
136473,20.39,1555262.72
42583,20.39,1590042.2
10713,20.39,1712903.08
119619,20.39,1539963.42
140237,20.39,1441782.77
32564,20.39,1641912.39
42584,20.39,1521948.5
143491,20.39,1698371.23
32169,20.38,1564847.47
139035,20.38,1447325.68
43854,20.38,1671287.47
138891,20.38,1595600
138555,20.38,1532973.3
41657,20.38,1514010.74
114335,20.38,1479040.59
46680,20.37,1592984.8
47503,20.37,1439920.25
139405,20.37,1421068.6
96332,20.37,1536598.67
139106,20.37,1601768.73
141598,20.36,1362492.93
42411,20.36,1381228.38
71806,20.36,1541434.72
85714,20.36,1802138.93
29125,20.35,1459585.57
142802,20.35,1532753.31
137208,20.35,1537729.79
138701,20.35,1455450.77
47804,20.34,1468000
41608,20.34,1649954.31
44487,20.34,1508984.51
44415,20.34,1378783.74
A0A6S8AYW5,20.34,1488622.22
123422,20.33,1372343.9
30858,20.33,1548121.89
110060,20.33,1453266.65
48245,20.33,1461100
138787,20.32,1409477.46
59396,20.32,1548900
141647,20.32,1730798.84
78950,20.32,1422408.27
11757,20.31,1658565.66
67530,20.31,1507881.55
115052,20.31,1427092.71
138013,20.31,1494284.13
62893,20.3,1423473.61
78961,20.3,1547161.91
119202,20.3,1356420.98
44028,20.3,1463890.81
42920,20.3,1495199.13
80547,20.3,1594800
67136,20.3,1597950.45
80822,20.29,1416501.86
139450,20.29,1460147.43
45091,20.29,1427704.75
139498,20.29,1316300
45936,20.29,1414496.93
45108,20.29,1616678.68
96710,20.29,1483645.61
83165,20.29,1479400
47555,20.29,1309300
46459,20.28,1371052.14
A0A6S8EW60,20.28,1448082.94
141547,20.28,1372003.69
46675,20.28,1420367.65
43451,20.28,1516143.79
7054,20.27,1462936.1
46525,20.27,1399372.28
110565,20.27,1468685.66
137812,20.27,1332455.25
118949,20.27,1373497.21
55246,20.27,1510739.86
42243,20.27,1284544.21
45684,20.27,1420400
103046,20.26,1562411.22
46067,20.26,1538326.58
43818,20.26,1357112.4
48153,20.26,1374399.57
48720,20.26,1480747.01
139364,20.26,1403525.64
81852,20.26,1444741.94
138889,20.26,1482161.09
39989,20.26,1286605.53
136109,20.26,1845035.57
139041,20.25,1413322.41
46177,20.25,1383464.73
46877,20.25,1285158.15
85606,20.25,1348988.75
141442,20.25,1442160.08
119464,20.24,1304200
38293,20.24,1360715.13
115356,20.24,1502207.06
50876,20.23,1511848.22
44933,20.23,1423345.24
140988,20.23,1308024.56
83442,20.23,1543911.92
137532,20.23,1282506.74
72226,20.22,1311727.19
139023,20.22,1423106.94
143053,20.22,1375041.6
28564,20.22,1317104.71
A0A6S8E7H1,20.22,1351091.75
142405,20.22,1234183.03
47681,20.22,1283169.94
136953,20.21,1426405.15
142103,20.21,1379114.81
42098,20.21,1323457.12
136736,20.21,1375232.01
118689,20.21,1330830.1
140284,20.2,1313048.4
A0A6S8A1G9,20.2,1491900.86
43094,20.2,1552038.4
120112,20.2,1310002.98
48305,20.2,1357137.07
46461,20.2,1281394.83
77077,20.19,1374414.62
2507,20.19,1275199.27
8914,20.18,1234671.67
41753,20.18,1406815.9
45537,20.18,1225624.96
42185,20.18,1241909.04
47702,20.18,1338498.28
47750,20.18,1877953.95
44587,20.17,1178725.21
A0A6S8ENW3,20.17,1253064.25
138485,20.16,1203808.43
3317,20.16,1279467.36
102428,20.16,1412763.84
77040,20.16,1247859.32
47829,20.16,1239420.57
67764,20.15,1290168.93
148352,20.15,1345700
113861,20.15,1168507.58
A0A6S8EJQ3,20.15,1175047.24
140481,20.15,1437206.58
117249,20.15,1361331.7
137653,20.15,1582104.59
142411,20.14,1386513.16
A0A6S8FI21,20.14,1253606.65
141479,20.14,1432872.23
583,20.14,1398551.71
48165,20.14,1217148.72
136478,20.14,1215853.44
139652,20.14,1250397.07
48626,20.14,1430350.34
137897,20.14,1250280.28
141314,20.13,1340892.39
140207,20.13,1395488.94
96053,20.13,1290332.4
47310,20.13,1353750.5
140344,20.13,1521393.85
139272,20.12,1371474.21
43941,20.12,1260197.95
142911,20.12,1251976.38
136678,20.12,1339870.49
141206,20.12,1533137.45
140342,20.12,1208556.5
138602,20.12,1314900
3947,20.11,1162473.09
75453,20.11,1284323.64
107122,20.11,1318014.69
137518,20.11,1263249.54
47088,20.1,1186457.49
137534,20.1,1250716.62
140578,20.1,1337514.55
43130,20.1,1263789.81
47878,20.1,1248400
73555,20.09,1168390.19
81136,20.09,1500393.38
44177,20.09,1184838.4
42510,20.09,1204746.42
44694,20.09,1298778.77
80525,20.09,1252300
105607,20.09,1305699.34
7656,20.08,1216132.3
40261,20.08,1307462.65
138002,20.08,1335000
43171,20.08,1279124.02
44292,20.07,1462210.57
137401,20.07,1243291.88
47687,20.07,1189943.02
114574,20.07,1152168.85
141515,20.06,1440974.72
1874,20.05,1291476.75
136600,20.05,1196186.44
A0A6S8D2A7,20.05,1112200
140287,20.05,1131072.25
36519,20.05,1232372.91
110557,20.05,1125846.42
45316,20.05,1284193.27
142059,20.05,1295829
46689,20.05,1570503.37
A0A6S8BK84,20.05,1531989.65
140355,20.05,1134506.64
47875,20.05,1195242.66
48743,20.05,1088341.63
60527,20.04,1127855.23
85644,20.04,1236111.44
1281,20.04,1137676.49
140799,20.04,1219328.43
140798,20.04,1257045.51
41654,20.04,1285646.12
42396,20.03,1204376.22
2819,20.03,1334148.16
140801,20.03,1216930.75
48256,20.03,1417393.89
140511,20.03,1250177.5
116230,20.03,1128965.08
136201,20.03,1161904.56
34449,20.03,1634737.34
48031,20.03,1268928.74
115025,20.02,1272567.79
45373,20.02,1290223.42
138929,20.02,1376402.75
42728,20.02,1134540.58
48287,20.02,1268958.98
3454,20.02,1375965.63
43388,20.02,1239023.92
34709,20.02,1339975.25
141865,20.02,1126965.53
137914,20.01,1244165.4
47144,20.01,1298714.07
48690,20,1146994.45
A0A6S8CSH3,20,1115915.92
131027,19.99,1179053.17
A0A6S8C2X3,19.99,1168475.42
70603,19.99,1085823.56
37642,19.99,1107683.22
139034,19.99,1379729.48
48330,19.99,1136351.8
A0A6S8AJ67,19.99,1178288.24
A0A6S8AVJ1,19.99,1325158.66
44116,19.98,1097027.64
34645,19.98,1114959.54
A0A6S8EU71,19.98,1261407.66
136542,19.98,1141839.82
138352,19.98,1166198.37
137872,19.98,1300446.11
136379,19.98,1055305.43
140744,19.98,1166580.2
47340,19.98,1153988.48
47161,19.98,1110928.75
96374,19.97,1273301.14
73682,19.97,1201061.94
A0A6S8EYY9,19.97,1408770.91
A0A6S8BUP1,19.97,1052450.57
43907,19.97,1113409.84
47106,19.97,1142373.19
142066,19.97,1176629.27
46439,19.97,1053020.97
123094,19.96,1134192.71
81669,19.96,1113445.75
38528,19.96,1173270.35
111852,19.96,1135892.25
44543,19.96,1085441.73
137949,19.95,1206079.06
139280,19.95,1124476.91
44474,19.95,1175502.91
56807,19.95,1201154.73
48161,19.95,1454514.72
136308,19.94,1120760.83
44752,19.94,1015439.03
44457,19.94,1101078.92
141127,19.94,1100800
137312,19.94,1136320.32
139352,19.94,1088824.86
45683,19.94,1332618.73
8387,19.94,1172545.6
42509,19.94,1099117.55
137837,19.94,1082400
47920,19.94,1114700
139586,19.94,1010403.11
141184,19.93,1108174.01
138306,19.93,1015858.02
143049,19.93,1107108.46
142749,19.92,1136517.37
115638,19.92,1173722.02
70248,19.92,1004980.61
142010,19.92,1204009.07
A0A6S8EWM6,19.92,1088022.65
132136,19.92,1280011.15
138031,19.92,1034579.47
140994,19.92,1206844.97
139787,19.92,1195312.76
141618,19.92,1359104.91
A0A6S8DHA9,19.91,1171261
44322,19.91,1045691.38
117679,19.91,1371814.25
46170,19.9,1159767.92
118967,19.9,1103531.46
114494,19.9,1033779.12
4023,19.9,1105787.73
137835,19.9,1149404.5
141116,19.9,1200562.89
88808,19.9,1132120.21
68650,19.9,1120321.21
A0A6S8BXA6,19.89,1113792.47
47522,19.89,1015900
139066,19.89,1124074.43
140820,19.89,1070400
141082,19.89,1085409.95
139949,19.88,1168524.64
42774,19.88,1258000
40131,19.88,1011235.71
43808,19.88,1195955.12
42049,19.88,1011153.99
43775,19.88,1218126.98
136860,19.88,1228057.49
136715,19.87,1246690.95
142593,19.87,1026072.04
138548,19.87,1100253.98
47244,19.87,1212795.72
115094,19.86,1176893.36
136835,19.86,1127349.22
61763,19.86,1059084.24
137652,19.85,986842.37
46471,19.85,1047200.49
138585,19.85,1166092.33
43789,19.85,1125820.05
142488,19.85,1001598.08
121490,19.85,1010030.69
116813,19.85,977625.6
140453,19.84,1086475.25
126447,19.84,1240300
A0A6S8C6L2,19.84,1170016.65
43021,19.84,1122322.76
44282,19.84,1145391.89
47806,19.84,1090082.49
A0A6S8FI62,19.83,1026518.96
5240,19.82,972692.89
139430,19.82,962430
132537,19.82,1189800
44691,19.82,1028085.74
49025,19.82,951169.9
46037,19.82,1040319.94
67521,19.82,1153404.26
36030,19.82,1046696.11
141113,19.82,1063361.96
60890,19.81,1033700
45593,19.81,1213117.34
A0A6S8E9V7,19.81,995820.15
47282,19.8,1120081.04
A0A6S8D8J3,19.8,1018526.36
78530,19.8,1202349.39
42007,19.8,1013698.48
137839,19.8,1161130.29
44656,19.8,982411.96
61326,19.8,949160
138286,19.8,1382804.97
42501,19.8,1083065.12
134269,19.8,983348.22
139802,19.79,1112868.72
142772,19.79,1132655.79
48436,19.79,997840.32
43266,19.79,921611.18
138308,19.79,949776.48
43993,19.79,979644.13
74786,19.79,996503.16
48863,19.79,1116016.81
58407,19.79,987667.3
42499,19.78,1115013.72
4409,19.78,1153314.67
95996,19.78,1102833.56
137157,19.78,1083744.29
45877,19.78,1039106.88
137735,19.78,1098926.88
74064,19.78,1058130.45
44080,19.78,970013.41
140068,19.78,1033131.29
A0A6S8D3V8,19.78,1135157.86
43360,19.78,1000916.35
117995,19.78,1032725.75
45119,19.77,1042400
3985,19.77,1002284.05
54089,19.77,1204425.6
75718,19.77,1288600
46994,19.77,1053896.84
43476,19.76,994210.91
42731,19.76,1133552.07
80745,19.76,1087954.21
43771,19.76,1038190.51
142028,19.76,1199703.78
141109,19.75,939429.96
352,19.75,1000507.67
68492,19.75,1098787.38
136084,19.75,1063806.29
137688,19.75,1017117.76
140905,19.74,1008154.15
138892,19.74,1077647.12
9881,19.74,956039.55
44985,19.74,1066207.09
138797,19.74,994084.52
34497,19.74,983865.34
73034,19.74,944307.58
84022,19.73,1067950.1
A0A6S8ENB7,19.73,967559.91
43973,19.73,1055300
43279,19.73,993624.74
141520,19.73,1169333.05
9715,19.73,1042113.97
142544,19.73,1001694.15
140204,19.73,977454.81
82683,19.72,942290
142690,19.72,1084868.99
136427,19.72,918828.76
42502,19.72,858711.41
45155,19.72,1068100
44715,19.72,944660.46
137536,19.71,940838.01
120536,19.71,1053059.87
137853,19.71,1042600
43299,19.7,1064278.01
140760,19.7,949204.19
138642,19.7,1033489.84
139576,19.7,978930.24
137358,19.7,1083423.66
56523,19.7,948665.92
10677,19.7,960011.21
84539,19.69,1018926.99
137402,19.69,945081.73
A0A6S8DQG1,19.69,861069.54
9639,19.69,1021257.65
41774,19.68,1012620.6
47823,19.68,914119.88
74494,19.68,1088764.98
138609,19.68,981031.9
137262,19.68,905709.46
45256,19.68,991736.71
139744,19.68,966829.44
43897,19.67,938117.58
44799,19.67,1083900.35
137024,19.67,883489.98
56540,19.66,1173441.87
4917,19.66,866548.49
47351,19.66,934103.06
119199,19.66,887790.92
140882,19.65,916578.27
44040,19.65,936948.8
143868,19.65,918092.84
109323,19.65,871701.14
91824,19.65,1125056.39
80514,19.64,960791.07
122650,19.64,1072332.63
140208,19.64,890965.27
115866,19.64,1023544.74
138417,19.64,900753.4
142818,19.64,1062389.48
140642,19.64,925765.25
136470,19.64,904750
142223,19.64,1022718.8
10398,19.63,866434.12
47163,19.63,1033682.25
97114,19.63,938149.26
141832,19.63,870798.1
45552,19.63,929849.11
93260,19.63,935488.21
141821,19.63,877230
136538,19.62,937667.55
138767,19.62,1211817.13
42117,19.62,854773.03
118552,19.62,832734.99
46835,19.61,996857.62
47156,19.61,992814.04
139686,19.61,1153472.94
46873,19.61,966680.32
141519,19.61,906144.55
102422,19.61,1099358.99
79077,19.61,957605.57
A0A6S8BHX9,19.6,977953.93
33564,19.6,912536.96
74302,19.6,890247.08
45796,19.6,901854.02
29461,19.6,853034.25
43807,19.6,912292.07
140375,19.6,1001934.29
42120,19.59,1067936.03
75720,19.59,793699.79
42033,19.59,953059.66
74885,19.59,996365.93
35059,19.58,936461.97
115020,19.58,960099.11
79519,19.58,857923.38
142031,19.58,910150
117061,19.57,854578.7
137705,19.57,896705.07
44390,19.57,902861.69
142557,19.57,1146049.54
78442,19.57,1070700
151664,19.57,815980.21
119343,19.56,871510
123630,19.56,876748.56
136510,19.56,935698.31
41474,19.56,956951.94
75784,19.56,900219.24
139089,19.56,806890.08
48559,19.55,1032160.45
68336,19.54,894145.87
76790,19.54,860810.98
42145,19.54,907304.02
A0A6S8CPG5,19.54,809530.3
106365,19.54,830063.12
48227,19.54,841570
118528,19.54,888339.83
129410,19.54,1003054.42
44790,19.53,810575.05
140947,19.53,890004.31
140143,19.53,852726.62
137463,19.53,865799.82
11197,19.53,904442.4
104016,19.53,798249.4
139443,19.53,871210.71
140066,19.52,784137.14
81536,19.52,940605.29
45218,19.52,833330.21
36347,19.52,842011.96
120414,19.52,978493.4
2883,19.52,770101.35
47007,19.52,765772.1
139772,19.52,915804.15
136990,19.52,1001455.01
43631,19.51,1055090.16
46348,19.51,910562.56
139649,19.51,874556.6
42141,19.51,909648.26
A0A6S8E3A7,19.51,888457.21
41829,19.51,815309.48
142470,19.51,899109.64
136496,19.51,893078.08
45172,19.51,875576.4
137992,19.5,903379.81
66133,19.5,969753.84
13367,19.5,1072001.84
138816,19.5,946709.67
A0A6S8BYJ4,19.5,912517.12
139547,19.5,873910.5
141457,19.5,883773
45095,19.49,794952.4
41903,19.49,777400.07
70240,19.49,940320.95
141368,19.49,979239.87
1283,19.49,780616.15
A0A6S8ENU0,19.49,861910.88
44229,19.49,878224.6
137173,19.48,1007835.18
A0A6S8AMD4,19.48,788160.24
140800,19.48,739906.42
137941,19.48,986461.63
47596,19.47,779472.95
A0A6S8B4M8,19.47,877332.31
A0A6S8DSA4,19.47,786188.31
67516,19.47,771314.3
A0A6S8EQC9,19.47,1039252.67
136226,19.47,851256.66
A0A6S8DV77,19.46,786655.23
48675,19.46,868045.85
57046,19.46,768100
137708,19.46,783843.9
47953,19.46,768962.88
36586,19.46,890257.68
136096,19.46,907617.77
46705,19.46,773643.47
138603,19.45,960352.07
138099,19.45,805270
28829,19.45,712960.11
40044,19.45,898407.63
48775,19.45,876830.51
3204,19.44,735387.74
47611,19.44,949600
48576,19.44,964704.61
45551,19.44,808250
84352,19.44,889021.12
122619,19.44,761919.73
47609,19.44,983808.7
35957,19.44,868749.15
143066,19.44,858634.17
48142,19.44,818519.72
91675,19.44,823479.04
35988,19.43,957791.74
78821,19.43,808726.01
138925,19.43,1051131.46
139914,19.43,894094.94
118329,19.43,742404.2
9977,19.43,819926.32
42758,19.43,948986.39
142139,19.43,822927.24
137115,19.43,870802.34
136877,19.43,778230.7
149081,19.42,805219.65
A0A6S8DL33,19.42,766780
74321,19.42,849419.67
139697,19.42,838747.79
43976,19.42,723151.66
55993,19.42,799914.19
A0A6S8ETT4,19.42,766997.11
74323,19.42,865120
124035,19.42,772562.64
136746,19.42,1032713.56
106824,19.41,860944.76
45528,19.41,908637.51
117814,19.41,720423.65
137219,19.41,813474.07
137703,19.4,732260.32
43682,19.4,794199.05
136488,19.4,770222.63
43109,19.4,807827.72
139964,19.4,735953.35
138580,19.4,783420.76
45893,19.39,739629.6
126174,19.39,729188.91
6264,19.39,791906.44
141131,19.39,822206.38
47092,19.39,851903.91
54745,19.39,784301.37
43242,19.39,852275.39
7561,19.38,706662.51
45776,19.38,761690
56726,19.38,759510.34
83407,19.38,898006.16
137650,19.38,818846.79
13396,19.38,698728.06
42866,19.38,764516.5
45938,19.38,754310
46166,19.37,760451.86
119535,19.37,954223.13
68727,19.37,736421.33
83618,19.37,811010.55
142468,19.37,749958.05
67075,19.37,764009.5
44301,19.37,760848.88
141052,19.36,888753.65
136880,19.36,800788.91
A0A6S8CTR6,19.36,681954.55
47322,19.36,786460.81
138909,19.35,838469.85
36758,19.35,731592.12
118572,19.35,826982.28
6862,19.35,707805.55
143762,19.34,820476.2
42054,19.34,690303.07
42533,19.34,776661.85
7848,19.34,811295.32
53960,19.34,757130.63
143545,19.33,927995.86
48309,19.33,764308.68
136161,19.33,732656.11
48225,19.33,726500.48
141794,19.33,724345.2
47632,19.33,853737.94
47444,19.33,892228.91
137694,19.33,855533.51
46022,19.32,761418.18
46495,19.32,864888.86
85594,19.32,849235.21
9052,19.32,701206
69572,19.32,820584.7
35068,19.31,769000.84
141176,19.31,715295.33
142259,19.31,935256.82
69010,19.31,785691.35
142267,19.3,912200.23
133302,19.3,825102.04
8356,19.3,786012.16
85922,19.3,971272.55
138994,19.3,706470
140548,19.3,740246.36
A0A6S8EAF5,19.3,705743.48
80706,19.3,724672.19
138992,19.3,734242.68
141332,19.29,703527.8
140546,19.29,896861.2
138754,19.29,685146.75
70287,19.29,726682.31
44701,19.29,895234.08
43269,19.28,788400.24
31849,19.28,1092219.34
136858,19.28,784707.29
80654,19.28,999600
47470,19.28,751408.44
75655,19.28,885890.84
141536,19.28,774574.49
45433,19.28,819467.4
41887,19.27,741980
42055,19.27,814405.53
139960,19.27,786995.37
69290,19.27,733526.1
46785,19.27,721250
42950,19.26,686721.67
70065,19.26,809567.61
118705,19.26,714734.41
136257,19.26,718185.63
81631,19.26,806859.98
47734,19.26,771159.36
45288,19.26,824463.79
43401,19.26,642769.36
114839,19.26,736074.47
A0A6S8ACM1,19.25,719134.98
73713,19.25,728565.02
108155,19.25,757100
83930,19.25,704673.86
77227,19.25,882028.35
137125,19.25,700927.03
128082,19.25,822410.3
136925,19.24,750085.58
73860,19.24,837680.44
46013,19.24,720022.5
72922,19.24,740228.7
142759,19.24,660344.64
69736,19.24,685074.98
138917,19.24,728216.74
44545,19.24,771562
111508,19.24,703504.83
43294,19.24,701170.62
114559,19.24,763280
A0A6S8B7T0,19.24,811700
78490,19.24,861617.6
71912,19.24,704573.31
142777,19.23,776942.35
256,19.23,656722.26
141072,19.23,708247.31
140813,19.23,681677.64
59656,19.23,624290
43944,19.23,747024.81
32818,19.23,715489.07
70273,19.23,756266.07
136750,19.22,685090.53
48080,19.22,767900
44920,19.22,805353.56
46834,19.22,775273.89
139603,19.22,701996.5
28915,19.22,643572.2
136899,19.22,918510
142598,19.22,787290
48187,19.22,957681.26
30212,19.21,627096.57
A0A6S8F8I3,19.21,685017.57
138111,19.21,808344.56
119142,19.21,715282.87
42857,19.21,677981.64
12525,19.21,712129.9
136964,19.2,757800
139713,19.2,704686.97
45281,19.2,720810.38
141433,19.19,655675.15
142732,19.19,688298.82
48147,19.19,1013383.99
137675,19.19,712480.7
77159,19.19,693359.05
79674,19.19,638986.78
68684,19.19,891095.59
70524,19.18,873689.6
137356,19.18,749584.69
6756,19.18,691097.12
46117,19.18,645221.07
A0A6S8F2V6,19.18,656210
42439,19.18,600285.2
136181,19.18,652663.19
64608,19.18,648680.98
46328,19.17,732037.64
4828,19.17,617252.45
150429,19.17,639050.32
141487,19.17,796521.49
42193,19.17,596791.05
46235,19.17,752444.34
77161,19.17,620146.91
137824,19.17,696538.33
48415,19.17,758873.08
61059,19.16,611077.63
42810,19.16,698799.42
45721,19.16,638848.53
116402,19.16,667092.59
128135,19.16,640232.34
72292,19.15,676688.93
43535,19.15,715680.67
137181,19.15,708621.49
3521,19.15,747667.94
47839,19.15,620657.72
138364,19.15,890227.25
138155,19.14,826912.02
118892,19.14,632348.65
32531,19.14,678698.7
37637,19.14,813952.43
74703,19.14,748729.87
40598,19.14,674976.15
8278,19.14,663185.82
65806,19.14,678793.43
141683,19.14,779380
141497,19.14,681220
45365,19.14,642191.17
47857,19.13,637918.52
43300,19.13,678797.41
140851,19.13,787970
36523,19.13,662305.29
A0A6S8C2H0,19.13,648255.92
120806,19.12,819409.88
A0A6S8A754,19.12,701648.63
131908,19.12,692694.28
138666,19.12,616007.34
44140,19.12,678773.54
44446,19.12,800950
48135,19.11,633997.84
76535,19.11,684374.95
110008,19.11,601832.78
47995,19.11,634193.76
139168,19.11,664912.86
75813,19.11,731435.97
68908,19.11,765601.85
45448,19.11,665319.8
136484,19.1,720388.95
11037,19.1,662939.43
140526,19.1,709004.39
61878,19.1,706797.58
142007,19.1,700091.3
48578,19.1,779244.26
30807,19.1,688307.8
56290,19.1,708044.45
28382,19.1,706560
124985,19.1,625211.87
A0A6S8C803,19.09,642492.92
56791,19.09,862957.8
44226,19.09,579600
45033,19.09,718028.6
45902,19.09,601330.5
31222,19.09,759690.18
48858,19.09,579090
142623,19.09,601490
10649,19.09,628176.53
7519,19.09,587541.73
106452,19.09,709099.41
29930,19.09,684120.81
141029,19.08,686164.12
139486,19.08,772939.25
55836,19.08,644185.84
140473,19.08,692111.65
139225,19.08,609976.58
80279,19.08,625194.63
81678,19.07,572614.1
117698,19.07,666500.09
141416,19.07,663315.66
48845,19.07,602899.94
6297,19.07,651140.75
8909,19.07,636784.47
77895,19.07,760439.23
136674,19.07,568840.26
33315,19.07,775309.21
137309,19.07,647320
46382,19.07,638700.17
A0A6S8BTD6,19.07,600548.73
137795,19.07,861539.73
112282,19.07,561515.6
44599,19.06,607157.55
145061,19.06,621107.15
138544,19.06,712842.79
120981,19.06,707692.61
119642,19.06,839719.31
46709,19.06,805928.33
68508,19.06,716018.01
138132,19.06,651368.47
143029,19.05,610626.43
44720,19.05,717700
139157,19.05,588320.29
137245,19.05,718049.5
70288,19.05,652057.33
43566,19.04,558581.26
46242,19.04,714841.78
102684,19.04,634730.85
1598,19.04,653334.3
34142,19.04,568956.36
59114,19.04,835809.25
139005,19.03,613393.5
39134,19.03,632184.21
139831,19.03,652320.11
85237,19.03,592868.99
11565,19.03,594350
92676,19.03,654566.19
113768,19.03,592871.29
46351,19.03,673619.33
46852,19.03,589100
143704,19.03,583322.13
45908,19.02,676030
141027,19.02,543899.92
81013,19.02,663716.49
140231,19.02,662227.69
44759,19.02,697856.5
A0A6S8DZH0,19.02,593829.43
77181,19.01,681639.29
69890,19.01,607921.99
45524,19.01,640360
137707,19.01,569840.18
2082,19.01,675301.84
138903,19.01,573417.11
1846,19.01,697642.38
139512,19,647026.18
76014,19,650807.23
102789,19,830430.49
40071,19,639415.71
42135,19,567683.99
139795,19,574355.32
48518,19,723010
137646,19,608653.03
140927,19,685933.09
138090,19,692798.39
138890,18.99,621799.11
43247,18.99,563628.18
142198,18.99,597308.82
140029,18.99,534679.1
A0A6S8EDY8,18.99,666740
73444,18.99,540318.25
76441,18.99,563110.48
A0A6S7ZMJ1,18.99,617751.78
40425,18.99,737286.09
126030,18.98,738839.35
64200,18.98,588272.65
62164,18.98,757940.88
32812,18.98,956700.96
117948,18.98,622851.78
86244,18.98,599032.51
138048,18.97,598930.52
59256,18.97,610481.16
136940,18.97,625436.77
45253,18.97,626665.93
56898,18.97,604279.19
139788,18.97,553406.94
136192,18.97,698936.27
139287,18.97,607276.39
A0A6S8G3B4,18.97,680020.72
44198,18.97,667224.81
140387,18.97,608214.13
64918,18.96,558218.15
46792,18.96,667217.93
139936,18.96,567129.22
138376,18.96,617588.98
45191,18.96,674592.19
44972,18.96,713596.14
136568,18.96,592215.33
123799,18.95,650661.34
68928,18.95,582593.26
114811,18.95,688064.67
138254,18.95,691218.96
80100,18.95,626424.66
57766,18.95,574917.15
41924,18.95,697345.62
47628,18.95,607588.74
141721,18.95,569148.11
12401,18.94,674195.17
A0A6S8DMR1,18.94,557446.9
142773,18.94,561274.71
45497,18.94,533848.54
55592,18.94,608304.43
140829,18.94,549574.68
42695,18.94,566662.68
138923,18.93,634735.89
A0A6S8EG88,18.93,564007.03
133798,18.93,644793.05
43402,18.93,538500.89
46749,18.93,604526.36
142569,18.93,549914.31
137504,18.93,566069.65
46728,18.93,679092.2
82212,18.93,633028.86
35858,18.93,668814.54
193,18.93,627182.55
115370,18.93,552858.4
46564,18.93,594652.13
81024,18.92,743056.51
69310,18.92,717669.4
139598,18.92,735925.87
36118,18.92,672262.51
5470,18.92,657307.47
138391,18.91,634480.36
46445,18.91,627038.57
142584,18.91,632177.43
48133,18.91,621873.82
136796,18.91,772411.11
47714,18.91,544568.5
A0A6S8C733,18.91,640380
140573,18.91,556179.36
95812,18.9,695509.78
43871,18.9,705347.99
A0A6S7ZMV4,18.9,664701.83
74690,18.9,666424.81
45791,18.9,508760.2
140965,18.9,526445.26
77712,18.89,548164.66
78137,18.89,624690.79
38460,18.89,585522.29
47515,18.89,654832.62
10264,18.89,555158.72
139782,18.89,650483.2
142988,18.89,781727.65
36473,18.89,544548.34
45098,18.89,628902.33
139323,18.89,673117.53
80405,18.88,554136.16
47668,18.88,516290
A0A6S8E577,18.88,546158.87
110537,18.88,515162.42
32804,18.88,730251.8
41768,18.88,646538.08
43994,18.88,533990.64
44897,18.88,593113.22
137451,18.88,544131.85
140887,18.88,546983.02
138437,18.88,568120
45180,18.88,516747.61
35310,18.88,644757.51
137234,18.88,539103.65
81310,18.87,631455.76
46900,18.87,627054.27
76694,18.87,524765.21
42704,18.87,497842.48
74803,18.87,593134.64
46517,18.87,614857.73
65144,18.87,526471.26
42655,18.87,486636.07
73023,18.87,603875.87
46123,18.87,545899.58
126114,18.87,698427.64
78516,18.87,522340
A0A6S8DU74,18.86,624222.65
7493,18.86,485343.15
44376,18.86,561008.78
137475,18.85,580254.56
A0A6S8ABR8,18.85,606281.07
83400,18.85,664287.62
42345,18.85,636012.63
47618,18.85,598210
82570,18.84,495094.05
142116,18.84,657641.57
138611,18.84,507988.48
46795,18.84,569009.73
36266,18.83,501422.9
100312,18.83,677197
44633,18.83,604431.3
43011,18.83,490334.43
41756,18.83,611340.31
12575,18.83,576608.9
145412,18.83,575505.9
138819,18.83,532272.12
45991,18.82,605339.55
1517,18.82,521787.14
12282,18.82,535399.31
142636,18.82,478757.49
43211,18.81,613123.69
136360,18.81,675915.48
45632,18.81,529099.15
40544,18.81,525219.75
142209,18.81,524028.76
116918,18.81,511202.24
42546,18.81,580919.54
147969,18.81,604340.46
83060,18.81,770865.28
58775,18.81,488431.84
137397,18.81,542455.31
A0A6S7ZE97,18.8,584639.94
41602,18.8,604242.89
45740,18.8,621080.57
141593,18.8,522388.04
139270,18.8,550978.19
36581,18.79,557950.65
150601,18.79,604012.35
117708,18.79,577880
138105,18.79,633920
139171,18.79,590869.38
48450,18.79,463533.28
137323,18.79,521990
A0A6S8BKX5,18.78,513320.32
82670,18.78,614696.51
140700,18.78,565897.88
A0A6S8C148,18.78,486345.25
47070,18.78,533858.97
138823,18.77,625640
43072,18.77,638519.57
43936,18.77,480128.85
57370,18.77,490222.68
10179,18.77,503848.42
86303,18.77,675681.18
142269,18.76,488739.14
48363,18.76,537073.8
84200,18.76,673019.69
42877,18.75,494986.34
33850,18.75,526140
42910,18.75,529728.46
46654,18.75,595202.23
142382,18.75,558131.07
48355,18.75,633849.39
44601,18.75,535165.95
30401,18.75,530601.19
36629,18.75,460130.21
128679,18.75,512144.51
75035,18.75,548020.83
42854,18.74,481508.72
74018,18.74,428800
47023,18.74,510750
A0A6S8F3T7,18.74,652321.21
41591,18.73,451802.5
45103,18.73,483666.22
133929,18.73,505184.12
145007,18.73,526025.14
70975,18.73,532270
142235,18.73,472456.91
67481,18.73,475612.05
46801,18.73,539967
109147,18.73,595279.5
41925,18.73,494859.02
44681,18.73,607936.13
A0A6S8F274,18.72,541954.21
77947,18.72,681689.4
140982,18.72,559480.14
149852,18.72,498661.43
41268,18.72,467299.36
2597,18.72,506412.07
142249,18.72,617334.78
A0A6S8AQT0,18.72,471729.48
A0A6S8A622,18.72,562966.06
78415,18.72,485164.84
85612,18.71,629999.11
140593,18.71,598594.65
46777,18.71,515473.43
91103,18.71,511525.51
77155,18.71,510996.34
138448,18.71,551139.86
137595,18.71,566134.45
142810,18.71,506170.37
139881,18.7,499697.22
118107,18.7,518719.87
69478,18.7,607355.27
139468,18.7,505311.26
A0A6S8FB59,18.7,540915.1
138504,18.7,531253.38
80591,18.7,535973.48
5525,18.7,530616.92
71706,18.7,700500.41
2795,18.69,449472.05
140461,18.69,528490
141287,18.69,466192.98
58117,18.69,573465.05
73731,18.69,449275.45
8852,18.69,521034.26
58992,18.68,446594.84
102913,18.68,545537.84
90723,18.68,491672.25
73554,18.68,447164.44
113507,18.68,490695.77
142227,18.68,462202.11
66673,18.68,449052.65
138538,18.68,449205.04
140211,18.68,573535.56
46927,18.68,508411.95
139646,18.67,599976.18
44124,18.67,451974.21
117106,18.67,496436.77
41791,18.67,556680
141801,18.67,438754.13
47810,18.67,443298.67
141385,18.67,563002.14
137636,18.67,453993.32
70895,18.66,424230.07
141115,18.66,457695
6687,18.66,502232.92
62381,18.66,431151.37
107413,18.66,500481.17
48264,18.66,435508.63
11268,18.66,509054.31
140579,18.66,472884.51
136706,18.66,461093.53
43680,18.66,479006.97
139803,18.65,480369.68
142792,18.65,526291.21
A0A6S8D4C2,18.65,512690
81839,18.65,447992.2
6409,18.65,519800.63
80150,18.65,558223.51
136804,18.65,495250
71347,18.65,464554.11
142446,18.65,477160
70361,18.65,558468.37
142162,18.65,608110.49
28573,18.64,486749.6
85558,18.64,573541.94
138197,18.64,491620.02
3890,18.63,509906.38
48742,18.63,558438.83
116520,18.63,540342.13
43935,18.63,676693.29
A0A6S8B0B8,18.63,543439.97
442,18.63,515160.54
118211,18.62,493529.43
137229,18.62,498782.49
9259,18.62,423941.7
37079,18.62,414122.65
10524,18.62,474592.03
44386,18.62,485557.11
48812,18.62,468961.23
138696,18.62,504740.37
A0A6S8AB42,18.62,532560.2
141311,18.62,504956.51
85002,18.62,502780.69
115815,18.61,427029.6
A0A6S8FAM8,18.61,450786.21
46547,18.61,497320
138043,18.61,533214.94
81537,18.61,505377.36
106183,18.61,477633.37
136248,18.61,473997.73
141129,18.61,478277.83
141543,18.6,484826.91
146303,18.6,442519.64
138343,18.6,673859.71
42343,18.6,523752
73321,18.6,535497.04
6389,18.6,462682.51
117705,18.6,510713.06
77441,18.6,426700.63
41645,18.6,422277.13
44795,18.59,442415.3
5153,18.59,505016.02
44664,18.59,534322.08
2567,18.59,632385.7
137189,18.59,537164.11
75423,18.59,434629.81
137730,18.59,431561.17
46130,18.59,536760
36242,18.59,517042.93
139433,18.59,578602.7
9308,18.59,416940
68487,18.58,494377.41
A0A6S8BAN3,18.58,563390.94
A0A6S7ZJJ4,18.58,518130
69200,18.58,481125.19
95060,18.58,407060.39
104178,18.58,428610
44432,18.58,560388.25
43650,18.58,457859.58
137093,18.58,644055.24
137697,18.58,437937.07
142437,18.58,429179.14
32056,18.58,438162.96
45026,18.57,550720.15
141989,18.57,535939.23
47711,18.57,564116.93
42846,18.57,581892.34
46419,18.57,409801.38
A0A6S8AS36,18.57,470402.43
141123,18.57,469640
80070,18.57,405205.49
142288,18.57,483628.07
82756,18.56,544343.63
68342,18.56,432517.22
140026,18.56,471849.38
140299,18.56,569508.45
38770,18.56,395755.24
138654,18.56,461166.19
136054,18.56,506074.92
141952,18.56,452350.35
137289,18.56,410341.67
A0A6S8BCV8,18.56,573951.83
142831,18.56,465429.32
92818,18.55,447701.91
62754,18.55,425787.45
139274,18.55,612560
A0A6S8CC39,18.55,433582.21
139981,18.55,490054.67
124376,18.55,461859.23
A0A6S8AJB2,18.55,437091.32
54638,18.55,425282.75
139170,18.55,463033.49
42723,18.55,421977.94
138432,18.55,442359.04
45759,18.55,467813.39
120418,18.55,443994.77
137211,18.55,513717.34
46898,18.54,410954.32
45404,18.54,488270.84
136586,18.53,646407.21
120530,18.53,473173.38
A0A6S8AHQ2,18.53,434364.66
140559,18.53,428436.2
45284,18.53,465470
72426,18.53,517787.49
44418,18.52,585371.06
36602,18.52,433555.4
44871,18.52,396270.71
138182,18.52,454780
79458,18.52,407080.06
44950,18.52,461475.89
136083,18.52,531853.18
138703,18.51,444070
A0A6S8DWU9,18.51,530473.73
34506,18.51,456161.03
139494,18.51,393076.68
43084,18.51,487700.67
47879,18.51,481609.28
86368,18.51,448810.25
115518,18.5,546342.67
140454,18.5,402628.15
76369,18.5,440848.34
11010,18.5,480683.51
146434,18.5,508600
38391,18.5,539148.24
47487,18.5,634981.77
44791,18.5,547971
138935,18.5,399542.18
137569,18.5,451340
290,18.49,559645.87
52427,18.49,521930.9
A0A6S8CJQ8,18.49,442490.92
54143,18.49,475227.43
91540,18.49,433245.89
81383,18.49,503800.26
47541,18.49,458060.04
83179,18.48,409515.09
34258,18.48,477898.33
A0A6S8E6A1,18.48,427436.07
136136,18.48,461092.36
118187,18.48,513104.79
139593,18.48,422639.81
138645,18.48,523344.49
142844,18.48,415854.94
43980,18.48,373685.58
42128,18.48,506673.03
A0A6S8BSP1,18.48,374201.05
142387,18.48,407079.27
86201,18.48,472022.37
A0A6S7ZRT6,18.47,471473.8
117443,18.47,456741.54
1651,18.47,428810.54
129473,18.47,430296.36
114309,18.47,536971.71
46425,18.47,372855.67
141726,18.47,376130.89
43417,18.47,379737.5
11124,18.46,396526.67
104965,18.46,425061.14
12420,18.46,542490
48401,18.46,534092.49
83316,18.46,435506.75
115358,18.46,409742.82
A0A6S8GAS0,18.46,459342.44
143822,18.46,380917.83
139664,18.46,413190.41
138835,18.46,443399.7
45657,18.46,455346.07
85833,18.45,494037.79
A0A6S8A8Y7,18.45,493968.15
46010,18.45,437222.22
76420,18.45,552343.38
60171,18.45,398510.51
70565,18.45,409245.55
142919,18.45,382772.69
125370,18.45,477702.35
78157,18.45,550612.56
141324,18.45,481745.72
37878,18.45,449151.24
12104,18.45,512134.05
115261,18.44,507554.14
47035,18.44,435264.9
45833,18.44,451933.25
126684,18.44,520670.97
47266,18.44,396672.33
10682,18.44,493195.48
136606,18.44,436102.56
A0A6S8G4J0,18.44,455139.05
42549,18.44,409424.34
146576,18.43,427130.81
119058,18.43,470233.77
A0A6S8DEQ5,18.43,516100.93
46519,18.43,466381.49
A0A6S8AM01,18.42,595924.37
48669,18.42,424773.69
44753,18.42,448945.8
58107,18.42,362144.83
43356,18.42,407644.77
42032,18.42,422666.06
138238,18.42,412476.64
136162,18.42,428073.21
82165,18.41,384027.4
A0A6S8GD77,18.41,547245.93
A0A6S8B5C1,18.41,426217.95
45455,18.4,504287.91
68150,18.4,527996.77
101067,18.4,396106.72
127636,18.4,424338.47
136085,18.4,457906.86
138128,18.4,443330.34
46221,18.4,409446.9
79860,18.4,414122.45
43049,18.39,425883.9
142604,18.39,427567.25
46769,18.39,377457.24
142841,18.39,402169.95
32410,18.39,465007.95
138523,18.38,357782.65
140296,18.38,391332.87
44245,18.38,442529.18
39771,18.38,373750
139461,18.38,396530
45020,18.37,410052.66
137263,18.37,392119.58
39753,18.37,454980
46387,18.37,451583.22
34847,18.37,534700
43636,18.37,400602.27
3132,18.37,347802.22
140281,18.37,475547.98
5234,18.37,457421.54
80122,18.37,479096.69
7307,18.37,388840.18
135782,18.36,450431.43
35337,18.36,570843.18
46999,18.36,479976.82
41976,18.36,368149.72
136511,18.36,415583.91
138987,18.36,414756.97
108273,18.36,434897.91
12425,18.36,477398.29
113956,18.36,501076.63
57601,18.36,399668.85
141546,18.36,362939.96
3471,18.36,424397.88
74428,18.36,414994.04
A0A6S7ZP73,18.35,382882.79
139104,18.35,401003.35
42377,18.35,474427.53
138416,18.35,499004.7
73016,18.35,497917.25
63955,18.35,387863.35
137098,18.35,438364.49
42610,18.35,393390
139877,18.34,372881.3
136585,18.34,346480.33
119545,18.34,372951.64
139273,18.34,460924.78
A0A6S8EAU5,18.34,617715.41
127107,18.34,379533.38
32480,18.34,351635.01
102543,18.33,402391.31
68378,18.33,354226.41
10404,18.33,365901.25
92601,18.33,411479.75
137204,18.33,345905.4
44373,18.32,428295.67
3202,18.32,449331.68
12418,18.32,362247.2
138264,18.32,450967.58
116567,18.32,425100.98
102011,18.32,353395.09
1152,18.32,462099.11
75483,18.32,520716.34
33319,18.32,391890
44796,18.32,570231.13
136920,18.31,455327.51
45072,18.31,445170.83
42366,18.31,358060.55
A0A6S8FQP7,18.31,347717.85
A0A6S8BRF6,18.31,465359.07
A0A6S8A8H6,18.31,378386.34
60473,18.31,410035.66
142119,18.31,408329.19
52364,18.3,409282.88
136485,18.3,448178.87
30613,18.3,401305.97
43912,18.3,478845.29
139128,18.3,394377.29
43638,18.3,468040.41
43555,18.3,434806.62
47210,18.3,338841.34
A0A6S8APU8,18.29,453618.05
46891,18.29,380324.49
6605,18.29,377287.94
142863,18.29,401428.55
118906,18.29,335726.36
10253,18.29,491830
42019,18.28,373919.57
136971,18.28,492391.39
139175,18.28,388635.85
44941,18.28,345511.42
137326,18.28,453382.64
A0A6S8DEW9,18.28,398617.55
42412,18.27,350537.53
138137,18.27,377337.29
37358,18.27,540619.26
A0A6S8E7B4,18.27,417614.18
140267,18.26,450121.99
48853,18.26,392102.23
139611,18.26,374856.4
56191,18.26,433689.86
78559,18.26,436767.65
137934,18.26,449647.54
141771,18.26,345974.09
43792,18.26,448466.67
143059,18.25,382378.16
61301,18.25,470504.13
44029,18.25,353103.01
A0A6S8F1A1,18.25,484940.73
95604,18.25,356051.17
37154,18.25,385518.63
150818,18.25,456761.82
142704,18.25,396767.78
32526,18.25,333507.72
A0A6S8CR33,18.25,366999.3
44218,18.25,418956.15
137081,18.25,537516.2
A0A6S8EM42,18.24,421270.8
82478,18.24,455961.54
140316,18.24,479004.8
141563,18.24,460433.18
47683,18.23,384610.82
A0A6S8ANJ6,18.23,379519.79
A0A6S8C171,18.23,415524.39
127648,18.23,509953.46
2830,18.23,533748.7
118212,18.23,442347.6
139613,18.22,329265.24
137308,18.22,408226.1
141165,18.22,392113.43
A0A6S8B0I7,18.22,371633.69
A0A6S8ALA7,18.22,566468.05
A0A6S8FXA4,18.22,373964.26
56576,18.22,528611.48
A0A6S8FFZ4,18.22,399780.17
47245,18.22,388395.51
70347,18.22,436228.08
136572,18.21,451464.67
42391,18.21,335042.85
113518,18.21,430679.41
45922,18.21,412136.23
132348,18.21,421335.29
113801,18.21,359670.09
136927,18.2,457859.58
45767,18.2,358916.64
42083,18.2,387211.89
142287,18.2,378496.61
42066,18.2,347999
48077,18.2,534788.39
62780,18.2,322850
73199,18.2,382500
142926,18.2,446771.38
50030,18.2,445050
137600,18.2,339415.26
136038,18.19,385998.25
149853,18.19,475825.48
83239,18.19,306612.45
141565,18.19,382260
53261,18.19,430843.29
137623,18.19,382983.97
47177,18.19,381121.68
95421,18.18,406100.55
45705,18.18,322024.24
47765,18.18,374903.38
136315,18.18,418156.17
49215,18.18,411200
46909,18.18,353468.37
9521,18.18,355719.17
141353,18.18,571019.6
118880,18.18,419771.3
47175,18.18,354441.71
121695,18.17,337530
141408,18.17,404306.76
48222,18.17,390544.9
47102,18.17,327140
113138,18.16,403582.72
84085,18.16,453823.98
69489,18.16,317889.74
139915,18.16,381627.78
138322,18.16,334944.23
A0A6S8AFP6,18.15,512991.35
141713,18.15,339843.26
52503,18.15,331008.09
48722,18.15,339661.93
33998,18.14,381553.13
143285,18.14,388868.96
141904,18.14,440641.91
76798,18.14,437646.92
47313,18.14,285523.37
45568,18.14,367795.5
141834,18.14,416836.82
69580,18.14,349894.54
41966,18.14,396764
62156,18.14,373211.66
140105,18.14,340614.1
A0A6S8B9D8,18.14,364995.68
141780,18.13,396775.05
A0A6S8D3N5,18.13,318974.44
46932,18.13,366686.76
145042,18.13,394323.39
44616,18.13,325480.49
68380,18.13,335278.19
41710,18.13,333830
141317,18.13,325372.62
35824,18.13,305093.76
43879,18.13,328009.4
141501,18.13,384147.75
A0A6S8BFM1,18.13,339505.9
10468,18.13,366890.17
76750,18.12,419707.67
142570,18.12,411516.16
A0A6S8D8Y7,18.12,398237.13
138612,18.12,301039.42
141755,18.12,407601.91
A0A6S8B6P4,18.12,487584.24
A0A6S8DNR1,18.12,384978.15
A0A6S8BUA7,18.12,369019.05
10610,18.12,413703.05
73217,18.12,370753.63
75567,18.12,572378.65
118957,18.12,367963.5
11964,18.12,338546.37
A0A6S8FHS8,18.12,442215.76
70893,18.12,443432.44
36976,18.12,431321.27
116995,18.11,354441.32
71282,18.11,328772.25
97710,18.11,408930
141124,18.11,347724.13
137778,18.11,380520.34
A0A6S8GBT5,18.1,394864.49
139967,18.1,379651.64
137679,18.1,352435.07
75025,18.1,487526.58
39339,18.1,420149.54
139791,18.1,421947.07
60779,18.1,347751.77
44492,18.1,399926.72
139456,18.1,302826.73
139465,18.1,351834.36
57305,18.1,321726.44
51588,18.1,318956.5
137830,18.09,360533.45
32061,18.09,300249.01
43647,18.09,339188.75
58680,18.09,326789.4
13432,18.09,306972.69
36540,18.09,284800.59
137218,18.09,344065.27
62206,18.08,348693.27
46153,18.08,390276.65
114835,18.08,444198.24
141796,18.08,302326.78
144780,18.08,328144.61
A0A6S8FN21,18.08,302990.12
136450,18.08,438140.37
106669,18.08,431985.35
70089,18.08,370213.14
142077,18.08,339925.22
137140,18.07,455830.98
142566,18.07,330518.71
137893,18.07,369242.81
143978,18.07,314589.36
141122,18.07,405851.11
142561,18.07,388550.25
45369,18.06,363346.36
69131,18.06,399861.69
44216,18.06,332276.06
140749,18.06,386217.54
83752,18.06,487061.78
45931,18.05,315161.2
67677,18.05,355623.66
136584,18.05,331403.1
43216,18.05,271326.21
138036,18.05,376035.76
A0A6S8E8H2,18.05,331793.5
118550,18.05,307592.9
139122,18.05,327149.47
40955,18.05,364362.92
120462,18.05,363186.43
143007,18.04,346370.59
136541,18.04,299306.55
45363,18.04,329327.72
A0A6S8AI25,18.04,420873.64
136598,18.04,318388.26
43124,18.04,361357.72
35627,18.04,438333.25
46273,18.04,395750.05
57554,18.04,364686.51
140742,18.04,305682
45242,18.03,336666.53
44979,18.03,314123.99
136966,18.03,332713.75
7500,18.03,432537.07
116894,18.03,354888.45
81340,18.03,396436.56
142291,18.03,310950.6
72904,18.03,477929.1
139630,18.03,363749.81
A0A6S8FYI4,18.02,302639.9
42896,18.02,309234.64
47192,18.02,423419.85
137017,18.02,295437.57
8349,18.02,324825.28
139565,18.02,390941.32
83118,18.02,330518.3
111701,18.02,475139.3
43278,18.02,330620.39
45454,18.01,278343.11
7741,18.01,329883.06
A0A6S8FVU1,18.01,328271.31
10724,18.01,395995.02
55623,18.01,372188.3
48579,18.01,329159.92
45864,18.01,426383.01
52331,18.01,293094.59
47556,18,302532.52
140023,18,291211.77
141650,18,413425.52
A0A6S8F7M2,18,375756.55
139853,18,373634.58
A0A6S8CSF7,17.99,319004.55
41930,17.99,308070.44
45899,17.99,308431.16
12920,17.99,347224.41
138199,17.99,404161.76
A0A6S8BMA6,17.99,257218.48
140537,17.99,404454.45
75572,17.99,402060
A0A6S8AHP8,17.99,355280
47238,17.98,279623.65
33432,17.98,334022.05
33631,17.98,366822.33
6201,17.98,322408.4
129120,17.98,419263.71
136425,17.98,294875.57
137197,17.98,279155.23
A0A6S8CEV8,17.98,293039.07
138972,17.98,303772.86
45128,17.98,360861.67
47462,17.98,405599.84
44788,17.98,352944.59
116088,17.98,320353.75
85100,17.98,351459.4
139491,17.98,294680.12
139206,17.98,294830
44314,17.98,397228.08
82112,17.97,308068.43
65846,17.97,278010.81
141322,17.97,320063.2
138295,17.97,329315.88
55737,17.97,256212.54
88558,17.97,297701.8
142634,17.97,424940.84
120406,17.97,304870.25
138949,17.96,285520
A0A6S8FKP0,17.96,299610.94
38410,17.96,289976.27
48257,17.96,474036.31
698,17.96,315510.72
A0A6S8F4C6,17.96,328328.99
135071,17.96,308217.92
3025,17.96,313448.71
41900,17.96,360702.17
42497,17.95,315865.14
47064,17.95,281662.07
41730,17.95,282865.29
137542,17.95,336178.75
47290,17.95,308730
119732,17.95,284685.51
44388,17.95,377660.67
9317,17.95,356236.82
49713,17.95,389982.32
137366,17.95,335970.51
115855,17.94,390207.24
141261,17.94,316439.86
148954,17.94,336425.21
75005,17.94,419676.77
127645,17.94,325490.29
137811,17.94,427924.55
11378,17.94,293879.08
51772,17.94,295198.1
139330,17.94,340488.92
30816,17.94,309261.64
50874,17.94,271191.84
139828,17.93,280459.02
A0A6S8A6H4,17.93,425030
9737,17.93,256368.94
136967,17.93,369885.52
45659,17.92,359618.44
69053,17.92,412902.49
59944,17.92,316634.2
46492,17.92,262547.48
138834,17.92,383042.23
129437,17.92,268784.88
104577,17.92,404092.85
7359,17.91,351855.6
138824,17.91,330756.87
82177,17.91,281184.69
93773,17.91,347071.74
141604,17.91,321971.05
144524,17.9,337228.01
84578,17.9,413989.83
43400,17.9,358882.97
126007,17.9,301242.02
45777,17.9,248465.2
2193,17.9,351206.01
76490,17.9,254274.4
46369,17.9,361193.24
150578,17.9,348557.04
12882,17.89,329302.39
137209,17.89,333326.35
42432,17.89,386543.5
A0A6S7ZGF2,17.89,371528.92
A0A6S7ZXY2,17.89,302210.82
A0A6S8DQI3,17.89,340236.5
A0A6S8FE12,17.89,302245.54
113696,17.89,255516
139753,17.89,289512.4
137929,17.88,360045.63
77592,17.88,329393.55
136440,17.88,261503.8
6741,17.88,303373.08
139698,17.88,269516.83
71468,17.87,275135.76
41801,17.87,366693.02
A0A6S8D3U6,17.87,365939.6
5331,17.87,407529.96
38583,17.87,355142.19
128898,17.87,321583.57
137813,17.87,264573.7
51971,17.87,313926.81
140748,17.87,258554.98
141156,17.86,285946.08
43669,17.86,379309.22
A0A6S8DZM9,17.86,260750.25
41952,17.86,247459.63
51204,17.86,300301.6
42170,17.86,257848.49
146268,17.85,319375.27
48178,17.85,274196.32
48458,17.85,331586.9
140202,17.85,349949.88
138212,17.85,234945.38
43860,17.85,434913.4
48758,17.85,277468.01
75192,17.85,257240.2
142745,17.85,258159.12
140597,17.85,334832.42
7310,17.85,240934.49
119664,17.85,289489.2
146669,17.84,328743.87
5171,17.84,324351.39
42994,17.84,246756.4
127164,17.84,278515.36
A0A6S8G0H1,17.84,275365.75
46480,17.84,298569.44
132853,17.84,269592.03
30439,17.84,471734.7
44848,17.84,317980.34
139531,17.83,253550
141961,17.83,403763.59
13412,17.82,278938.95
43487,17.82,367299.83
1490,17.82,335359.67
140903,17.82,254281.53
72797,17.82,286521.05
139025,17.81,303511.72
69881,17.81,428432.85
8548,17.81,285073.89
32382,17.81,367896.5
46830,17.81,312173.08
138600,17.81,285506.57
114848,17.81,246193.62
45415,17.81,258650.33
4393,17.81,247613.91
4839,17.8,392857.11
136894,17.8,383676.73
54453,17.8,327396.96
57250,17.8,255481.16
139629,17.8,372691.32
54298,17.8,288568.94
82474,17.79,419510.6
62099,17.79,326240
40269,17.79,267466.91
140357,17.79,346144.18
42475,17.79,311031.66
46127,17.79,243502.12
142932,17.79,390763.55
140263,17.79,259423.15
49377,17.79,321504.8
52388,17.79,313140
35143,17.79,347624.6
139711,17.79,317127.3
72046,17.78,282077.59
44397,17.78,295373.25
61577,17.78,407899.46
132553,17.78,282352.31
A0A6S8E1Q7,17.78,263897.37
A0A6S8FA55,17.77,304575.5
65710,17.77,284267.36
46679,17.77,331770.41
136303,17.77,248854.18
37034,17.76,232174.08
116830,17.76,320683.4
137858,17.76,308052.69
A0A6S8CYJ7,17.76,330926.67
2088,17.76,297434.52
43997,17.76,288261.1
139252,17.76,362730.05
47481,17.76,243802.49
142442,17.76,231834.41
137960,17.76,367280.42
81555,17.76,260729.23
150507,17.76,292958.97
72777,17.76,335317.13
138311,17.75,280337.03
117699,17.75,303529.8
116783,17.75,232974.73
73841,17.75,251918.97
46196,17.74,261132.21
269,17.74,281298.45
44039,17.74,342846.21
73472,17.74,291895.54
63770,17.74,347550.18
140440,17.74,261084.48
73169,17.74,276457.76
41625,17.74,247978.75
138319,17.73,309003.91
58613,17.73,266531.74
132946,17.73,338960.12
42461,17.73,296419.46
138060,17.73,292726.88
138958,17.73,289345.28
A0A6S8G9G1,17.73,345411.78
142752,17.73,272766.72
7726,17.73,258770
69564,17.73,293640
6065,17.73,284027.82
140377,17.73,298316.66
85751,17.73,297887.19
45086,17.72,286795.97
139320,17.72,370153.28
45712,17.72,278689.42
138428,17.72,293209.22
113657,17.72,270300.89
136217,17.71,347590
76512,17.71,271115.88
47581,17.71,348531.96
46781,17.71,255100
42622,17.71,253214.63
43118,17.71,298729.95
A0A6S8D1D4,17.7,319965.41
136137,17.7,304071.54
47884,17.7,265602.72
129547,17.7,318482.75
118227,17.7,252220
73298,17.7,227204.73
42771,17.69,333410.92
142464,17.69,271231.57
42511,17.69,260876.64
41869,17.69,262345.12
143275,17.69,256528.15
47867,17.69,315181.76
139786,17.68,296589.61
128793,17.68,321845.12
114676,17.68,220337.33
A0A6S8C5M8,17.68,294046.72
53184,17.68,388806.4
115677,17.68,350062.87
96167,17.68,232013.9
83730,17.68,249666.69
A0A6S8ADT4,17.68,250046.84
45649,17.67,259897.95
38931,17.67,321986.06
28945,17.67,392092.27
50628,17.67,287116.47
53462,17.67,241364.78
31651,17.67,281094.26
42273,17.67,236329.35
4910,17.67,220337.97
47729,17.67,350290.86
83484,17.67,318944.9
75711,17.67,239491.39
41917,17.67,214124.79
140772,17.67,216691.36
136883,17.66,349785.54
76334,17.66,304161.85
139957,17.66,346996.33
121543,17.66,247053.06
A0A6S8FZS2,17.66,262074.53
80178,17.66,219178.37
140113,17.66,259700.36
136501,17.65,237670.98
39029,17.65,228114.46
42410,17.65,250385.02
136573,17.65,306742.13
44710,17.65,283896.02
57556,17.65,230915.73
42624,17.65,277898.81
137175,17.65,258230.32
32308,17.64,237882.39
43672,17.64,286066.03
136481,17.64,225020
74537,17.64,220572.66
44141,17.64,254135.21
132521,17.64,332204.66
119820,17.64,314703.1
41799,17.64,215532.1
46408,17.64,232697.17
31635,17.63,285674.21
A0A6S8E018,17.63,265871.16
147066,17.63,320003.28
137288,17.63,322044.64
129340,17.63,309765.64
64705,17.63,328895.08
47906,17.63,256197.09
46521,17.63,338991.71
12833,17.62,222219.23
6269,17.62,330586.91
A0A6S8BC02,17.62,362484.55
119509,17.62,265319.06
141057,17.62,381808.97
75623,17.62,270470.62
61128,17.61,257934.5
47420,17.61,217190
43911,17.61,263307.57
46223,17.61,230711.37
A0A6S8C286,17.61,239413.63
141627,17.61,225714.83
141943,17.61,268011.14
136055,17.61,228074.3
118435,17.61,275433.81
61961,17.61,295296.44
A0A6S8EIE6,17.61,227107.87
42867,17.61,258447.59
142746,17.61,247126.34
61452,17.61,202009.46
41963,17.6,257204.65
142500,17.6,236874.83
138699,17.6,259179.04
43032,17.59,274420.03
47619,17.59,299427.01
A0A6S8FAY3,17.59,266029.97
66300,17.59,372429.02
43614,17.59,348861.7
140364,17.59,251127.22
A0A6S8C568,17.59,251248.59
47935,17.59,307990
136983,17.59,324470
109167,17.59,451098.94
119782,17.59,257510.93
11960,17.59,274699.44
31817,17.59,313026.48
141420,17.59,239329.6
142613,17.58,290664.17
46684,17.58,292843.72
30471,17.58,347881.58
70946,17.58,299245.73
4212,17.58,226662.27
6283,17.58,240089.43
A0A6S8FJT1,17.58,250263.13
113958,17.58,247640
140350,17.58,320522.06
80196,17.57,256254.36
139867,17.57,252839.73
41582,17.57,237965.92
74694,17.57,226391.39
8381,17.57,295373.81
12195,17.57,197735.86
136434,17.57,298286.2
140144,17.57,270864.2
117395,17.57,249270
142458,17.57,226803.82
44237,17.57,258309.16
141854,17.56,253233.26
145364,17.56,253005.87
A0A6S8FRB4,17.56,368576.06
469,17.56,287866.39
139562,17.56,228972.83
137909,17.56,384883.91
66241,17.56,262321.42
107117,17.56,279820
A0A6S8D207,17.56,251805.1
3199,17.56,331318.61
45794,17.55,285767.82
39398,17.55,229200
83323,17.55,255934.17
141441,17.55,236532.5
73719,17.55,222138.02
44483,17.55,244220.94
59109,17.55,243527.75
35921,17.55,362597.93
39846,17.55,215650.18
47949,17.55,245735.65
A0A6S8C7W4,17.55,224930.2
45300,17.54,279620.2
67298,17.54,252216.23
151034,17.54,318202.71
3822,17.54,218717.31
139169,17.54,323647.01
40691,17.54,379740
45270,17.54,245287.9
45724,17.53,225644.98
46354,17.53,229060.02
139191,17.53,240650.62
119640,17.53,271541.79
39399,17.53,222034.1
50103,17.53,411130
71940,17.53,258847.03
56021,17.53,225986.82
A0A6S8EN37,17.52,208734.55
45473,17.52,219073.85
136514,17.52,349525.48
151067,17.52,208062.66
46494,17.52,219232.21
139852,17.51,216888.25
139030,17.51,282380.95
138431,17.51,285210.01
29307,17.51,424814.72
50505,17.51,385100
30366,17.5,227573.88
62866,17.5,270805.62
3884,17.5,247682.51
A0A6S8A933,17.49,222758.49
137061,17.49,210998.66
139739,17.49,216442.66
119492,17.49,351251.46
73175,17.49,211698.65
118959,17.49,212737.76
139732,17.49,227873.39
142827,17.49,204093.94
A0A6S8F601,17.49,231207.03
141976,17.49,266421.25
59506,17.48,206702.24
44915,17.48,305335.52
70527,17.48,252002.62
102623,17.48,222810.87
136763,17.48,203418.9
141137,17.47,238011.29
142681,17.47,200463.99
67893,17.47,200889.29
114175,17.47,272926.87
44317,17.47,219881.17
3046,17.47,206725.66
A0A6S8BP98,17.47,217142.47
44374,17.47,239022.67
139387,17.46,252478.28
A0A6S8BT42,17.46,186137.03
136428,17.46,213032.7
42729,17.46,230217.58
142314,17.46,250920.92
127471,17.46,259461.72
A0A6S8A6X8,17.46,271831.47
A0A6S8C022,17.46,277837.82
41407,17.46,235540.19
115433,17.46,299589.96
56206,17.46,305630
139934,17.45,243466.95
78387,17.45,291464.81
68446,17.45,188273.34
116136,17.45,209118.28
61236,17.45,270958.06
43108,17.45,184943.52
81651,17.44,325436.4
137206,17.44,207372.24
137294,17.44,241382.16
72431,17.44,232732.83
68359,17.44,252425.28
32751,17.44,304518.24
45179,17.44,217365.89
138304,17.44,228931.07
138243,17.44,220966.41
148266,17.44,255595.81
139580,17.44,176490.48
45690,17.44,257225.11
A0A6S8DTL1,17.43,224482.73
2807,17.43,236857.49
136861,17.43,234093.78
78525,17.43,206014.31
A0A6S8ENU7,17.43,186125.69
116636,17.43,209190
78400,17.43,225392.66
3556,17.42,230847.38
55488,17.42,320621.03
54560,17.42,219572.51
137626,17.42,280230.47
46281,17.42,227874.86
113953,17.42,288747.93
44272,17.42,214514.98
151155,17.42,233190.57
47381,17.41,234086.24
60822,17.41,253229.58
47825,17.41,199463.78
142639,17.41,277532.37
140831,17.41,213324.5
44649,17.41,228696.17
41980,17.41,243543.32
72885,17.41,187498.83
41229,17.41,251230.02
7360,17.41,217808.73
138300,17.4,185153.41
A0A6S8AMN0,17.4,230814.52
44879,17.4,273930
141733,17.4,237610.4
A0A6S8AN43,17.39,203461.72
81654,17.39,290295.1
143470,17.39,229731.25
36682,17.39,237362.03
142632,17.39,291110.65
47782,17.39,289091.49
138962,17.39,279937.21
A0A6S8ECN7,17.39,188909.8
A0A6S8E8Z2,17.39,295183
139856,17.38,237738.78
141875,17.38,198603.4
118681,17.38,225453.96
76108,17.38,197014.45
134528,17.38,248599.14
127527,17.38,251892.46
148186,17.38,266110.19
45137,17.37,194630
A0A6S8E410,17.37,211173.02
109495,17.37,190833.4
33645,17.37,268114.93
85839,17.37,262002.51
43791,17.37,200226.9
A0A6S8G702,17.37,217570.13
99951,17.37,276110.66
6071,17.37,241701.28
A0A6S8G6Y4,17.37,235864.67
A0A6S8BT76,17.36,278758.71
129955,17.36,310243.94
13299,17.36,287636.15
923,17.36,251693.29
141461,17.36,293855.8
139097,17.36,247700
35471,17.36,226905.91
138814,17.36,316573.65
51093,17.36,197223.64
A0A6S8EYZ3,17.36,186950
79115,17.36,194020
117319,17.36,257826.71
45601,17.36,184932.27
80910,17.35,216038.32
140009,17.35,190628.22
80434,17.35,256495.07
136733,17.35,185613.89
47424,17.35,197771.43
141836,17.35,256628.27
136507,17.35,259355.34
9974,17.35,236118.69
116796,17.35,204298.25
48017,17.35,205511.93
A0A6S8BFV5,17.35,219078.83
80217,17.34,234063.72
114447,17.34,262426.66
45886,17.34,264006.85
114895,17.34,251266.38
119483,17.34,229259.12
136238,17.34,234764.23
44381,17.34,282290
39610,17.33,207757.92
128073,17.33,193249.47
32030,17.33,213577
142000,17.33,199996.77
138177,17.33,224485.92
132147,17.33,278558.66
140866,17.33,190723.73
138639,17.33,168624.85
133460,17.32,225272.43
42413,17.32,197729.66
139349,17.32,252127.02
134884,17.32,253565.38
138985,17.32,201500.22
43456,17.32,229764.5
139779,17.32,248167.07
12067,17.32,198365.43
138082,17.32,274720.54
265,17.32,235550.03
133744,17.31,254144.76
45758,17.31,193201.54
A0A6S8A187,17.31,240591.94
148017,17.31,215223.74
75760,17.31,199146.87
11945,17.31,273300.22
59016,17.31,177067.91
A0A6S8EHL7,17.31,204963.76
48511,17.31,223905.47
74618,17.31,192619.08
46405,17.3,172011.2
44630,17.3,192636.91
48246,17.29,318325.36
140061,17.29,294394.62
137556,17.29,210079.97
77259,17.29,203530.7
78985,17.29,214489.64
34773,17.29,218389.71
139212,17.29,203447.54
137765,17.29,205029.67
140957,17.29,180795.59
136829,17.29,251707.05
140594,17.28,184068.94
141932,17.28,232075.1
46045,17.28,218409.09
77683,17.28,194372.81
48202,17.28,283602.02
137561,17.28,217165.19
50828,17.27,224101.19
45426,17.27,183962.96
85848,17.27,293912.85
47843,17.27,268035.25
73524,17.26,271098.13
130541,17.26,248741.89
139127,17.26,212076.85
30729,17.26,206559.57
41938,17.26,206728.55
46200,17.26,208838.49
47400,17.26,245309.43
A0A6S7ZTH0,17.25,328800.44
44144,17.25,214390
A0A6S8FQY2,17.25,207237.18
47663,17.25,287672.63
38212,17.25,203348.68
50759,17.25,268371.55
4732,17.25,194557.84
46513,17.25,217331.92
35868,17.24,203559.32
42615,17.24,191037.47
138684,17.24,188585.97
43461,17.24,289613.54
A0A6S8FLH3,17.24,203677.33
145016,17.24,198289.54
43979,17.24,164343.23
71815,17.23,196631.91
935,17.23,196164.77
3101,17.23,214688.86
56410,17.23,183983.88
142120,17.23,155618.32
142664,17.22,231099.66
142033,17.22,179515.27
41983,17.22,248700
119507,17.22,226845.64
120461,17.22,189279.13
32211,17.22,190468.5
80466,17.22,198734.73
129690,17.21,184175.81
42134,17.21,210616.36
47218,17.21,188546.7
33810,17.21,214824.45
136652,17.21,226971.22
A0A6S8CJE4,17.21,252213.47
140245,17.21,210117.14
73556,17.2,207480
7760,17.2,229650
139617,17.2,225480
76642,17.2,164224.06
A0A6S8AC72,17.2,168066.6
A0A6S7ZXD5,17.2,169314.48
83507,17.2,188699.1
A0A6S8C3F3,17.2,195495.83
138811,17.19,198466.77
44425,17.19,206555.03
A0A6S8BPB9,17.19,170285.77
136965,17.19,215895.13
142606,17.19,257528.38
7090,17.19,204799.68
47726,17.19,231282.69
129482,17.19,222973.47
A0A6S8ECH4,17.18,178403.62
141152,17.18,165966.34
118830,17.18,230917.91
45009,17.18,215016.64
A0A6S8BSM1,17.18,220250
36970,17.18,185842.83
45002,17.18,219999.79
142635,17.18,207858.31
52070,17.18,187074.47
A0A6S8BCT6,17.18,199505.16
A0A6S8CY60,17.18,185795.95
958,17.18,255719.52
142123,17.18,216756.55
106883,17.17,225249.75
136104,17.17,167893.83
114081,17.17,182599.73
A0A6S8FNS3,17.17,260196.73
47527,17.16,209217.07
138242,17.16,151163.39
A0A6S7ZXJ7,17.16,197392.49
39130,17.16,338070.57
A0A6S8F1W0,17.16,167780
72121,17.16,183318.78
37233,17.16,167350.4
84496,17.15,156915.89
119324,17.15,165358.07
139479,17.14,206725.66
58879,17.14,233015.98
141112,17.14,177395.71
138644,17.14,172359.92
151482,17.14,192442.23
117289,17.14,179842.84
140960,17.14,225036.1
9003,17.14,176981.74
37385,17.13,210264.48
65654,17.13,228293.03
143766,17.13,267629.41
37700,17.12,213703.98
45695,17.12,161666
6614,17.12,182263.56
142515,17.12,177656.2
1337,17.12,241898.52
79941,17.11,183288.77
47179,17.11,206072.53
3147,17.11,209574.69
4902,17.11,226187.62
32789,17.11,222286.58
A0A6S8CUK2,17.11,257890
143366,17.11,168747.31
100463,17.1,176930.51
142161,17.1,217944.12
68918,17.1,191928.62
132440,17.1,270466.14
7690,17.1,204222.25
48396,17.1,170726.3
98887,17.1,229917.77
A0A6S8FIV9,17.1,149701.41
43258,17.1,195416.52
48372,17.09,163470.67
120701,17.09,143860.84
45190,17.09,186093.45
29739,17.09,317577.22
A0A6S8E8E8,17.09,165690.47
141031,17.09,235732.61
73005,17.09,221727.92
139758,17.09,150426.87
1009,17.08,203393.97
63196,17.08,185370
43604,17.08,187970
78112,17.08,227203.16
4676,17.08,213320
141295,17.07,208452.98
45290,17.07,259761.2
A0A6S8CLK8,17.07,170057.17
140170,17.07,204730
136216,17.07,210935.78
131544,17.07,208153.57
147725,17.07,206850.96
117796,17.07,159367.01
115297,17.07,180016.82
90947,17.07,194889.56
139017,17.06,256168.45
48174,17.06,205717.18
148408,17.06,241582.62
113506,17.05,164700
42349,17.05,229755.49
A0A6S8DIB2,17.05,151834.01
52164,17.05,233745.01
137601,17.05,137173.75
41833,17.05,218766.4
43329,17.05,162828.78
42460,17.05,190936.94
142747,17.04,246307.17
169,17.04,197299.13
118108,17.04,188825.45
9042,17.04,259724.3
32171,17.04,200662.8
A0A6S8E2Z1,17.04,182149.86
131064,17.03,183214.17
10391,17.03,216950
141182,17.03,257088.62
49785,17.03,208229.94
137364,17.03,186557.15
141030,17.02,140574.79
A0A6S8BHL2,17.02,155894.25
46487,17.02,216371.83
A0A6S8G3K9,17.02,211666.83
51759,17.02,188257.52
3111,17.01,180363.15
56028,17.01,214749.2
46265,17.01,244209.95
141622,17.01,177569.15
A0A6S8CF23,17.01,141720
41968,17.01,209228.23
4763,17,199662.35
136108,17,241527.8
140703,17,172751.59
131499,17,148797.66
136489,17,191922.27
42038,16.99,234745.43
81213,16.99,166165.15
5577,16.99,184837.86
81501,16.99,164656.83
42324,16.99,191275.68
A0A6S8ER67,16.99,152607.13
140172,16.99,152360
12589,16.99,191610.87
142877,16.98,180468.33
137603,16.98,193890
A0A6S8BPM5,16.98,173225.85
68008,16.98,174720.59
141148,16.97,142634.59
139209,16.97,174116.74
115104,16.97,160568.67
142495,16.97,190232.78
42974,16.97,253935.94
74180,16.97,155862.11
41874,16.97,199272.92
46245,16.96,182437.45
3875,16.96,201470
8982,16.96,171440.8
A0A6S8C673,16.96,199463.78
42328,16.96,140197.72
114787,16.96,154023.32
80577,16.96,199347.81
44594,16.96,231708.74
64919,16.95,224821.2
A0A6S8C0Z2,16.95,176358.86
31155,16.95,171882.66
62195,16.94,182532.27
A0A6S8A235,16.94,144808.51
6203,16.94,182795.73
140460,16.94,169395.4
47361,16.93,198025.78
9551,16.93,140730.35
138938,16.93,179274.16
43709,16.93,168762.23
59042,16.93,139326.82
65371,16.93,183045.29
6183,16.93,236296.09
A0A6S7ZZS3,16.93,184193.86
46820,16.93,139445.7
39153,16.93,253790.23
48735,16.92,175090.46
6725,16.92,143834.26
54990,16.92,161294.38
A0A6S8FIW6,16.92,223426.87
43369,16.92,180109.24
41982,16.92,148941.39
114145,16.91,181610.15
143089,16.91,170284.89
A0A6S8CM10,16.91,158573.73
6712,16.91,249438.09
141133,16.91,165682.6
142851,16.91,170380.78
A0A6S8BKF7,16.91,183149.97
68806,16.91,133424.62
80930,16.91,192354.43
137380,16.9,154038.99
85669,16.9,201613.8
53399,16.9,205438.92
70907,16.9,131332.83
114034,16.9,161379.63
141900,16.89,148889.87
48830,16.88,219566.61
A0A6S8FCY0,16.88,153963.65
137935,16.88,162000.1
A0A6S8FVV7,16.88,164076.14
A0A6S8G980,16.88,137392.42
72706,16.88,197026.88
142834,16.88,171648.52
42531,16.88,144236.7
141067,16.88,188549.14
151245,16.87,156579.07
143001,16.87,192942.27
58900,16.87,168079.75
145807,16.87,173108.35
127202,16.87,156772.33
80119,16.87,266213.32
A0A6S8AF51,16.87,167430
11676,16.87,168427.19
57035,16.87,150824.86
48554,16.87,138105.47
46843,16.87,160877.37
A0A6S8A3U0,16.87,150036
Q1KNJ1,16.87,NA
62627,16.87,187521.9
36882,16.87,151980.81
43418,16.87,167635.63
140323,16.87,152758.07
139621,16.86,181718.71
A0A6S8FRC5,16.86,128934.38
61891,16.86,164425.4
A0A6S8DEU9,16.86,182771.55
A0A6S8EFJ1,16.86,180056.87
140435,16.86,128069.18
70808,16.86,131463.61
47036,16.86,137348.44
137411,16.86,128928.31
5590,16.85,131953.09
2617,16.85,153297.4
42107,16.85,164137.43
142105,16.85,195539.71
A0A6S8EUP1,16.84,183620
84986,16.84,162360
29083,16.83,120522.58
47677,16.83,178440.71
54370,16.83,167960
11827,16.82,131616.13
44593,16.82,189935.28
36862,16.82,194637.37
118859,16.82,159434.21
83530,16.82,147396.34
A0A6S8FMS7,16.81,190799.25
59191,16.81,161091.99
33135,16.81,186920.82
48619,16.81,143610.04
A0A6S8F0V7,16.81,151824.41
142640,16.81,169564.04
8399,16.81,138231.15
A0A6S8FT95,16.81,197364.77
147683,16.81,246470
44597,16.81,122379.68
40630,16.81,199942.04
136765,16.8,169470
136053,16.8,153389.17
140729,16.8,120558.08
139942,16.8,180804.79
84737,16.8,167047.34
137048,16.79,202331.13
131704,16.79,158515.38
A0A6S8GPB0,16.79,214541.39
A0A6S8FDN3,16.79,193813.1
92981,16.79,130768.95
136833,16.78,145360
142430,16.78,231377.98
A0A6S8C6P8,16.78,194580.33
129280,16.78,166620.22
124817,16.78,172315.83
42629,16.78,179712.8
95387,16.78,166230
6349,16.77,178641.58
6524,16.77,161620.27
45775,16.77,183444.57
58610,16.77,206473.14
141169,16.77,204692.68
A0A6S8FUE8,16.77,190197.99
146794,16.77,133550.38
38524,16.77,153546.89
47308,16.76,157424.83
130886,16.76,120998.48
54212,16.76,168769.99
5177,16.76,172224.15
139271,16.76,240855.13
120262,16.75,175178.17
35025,16.75,178032.52
43711,16.75,139537.28
140518,16.75,173442.79
142543,16.75,194761.4
143818,16.75,214129.18
52538,16.74,142707.12
9045,16.74,124234.78
46434,16.74,143829.1
139134,16.74,161334.25
44535,16.74,143702.83
46695,16.74,151287.78
12458,16.74,154296.71
A0A6S8EYJ2,16.74,124455.85
64693,16.74,137800
62673,16.74,174532.54
43283,16.73,126814.87
10657,16.73,194666.69
136278,16.73,186738.25
129427,16.73,184919.85
65943,16.73,168059.83
9956,16.73,116169.73
44946,16.72,227551.25
138670,16.72,168180
44285,16.72,117758
140680,16.71,210559.75
13057,16.71,136530
139193,16.71,188451.24
29765,16.71,171306.57
39828,16.71,154363.63
59673,16.7,183491.63
131031,16.7,216932.66
A0A6S8AAA2,16.7,142106.86
A0A6S8CAE9,16.7,201931.78
44358,16.7,138914.94
47947,16.69,151086.43
48338,16.69,135013.49
105083,16.69,177992.33
46687,16.69,194291.29
30406,16.68,144711.64
98882,16.68,155593.51
104533,16.68,198973.88
84148,16.68,164128.79
37015,16.68,136650
45339,16.68,150239.8
72237,16.68,137788.02
42589,16.68,120480
117074,16.67,116302.7
139776,16.66,181540.15
133256,16.66,117887.48
71098,16.66,114337.28
45230,16.66,131111.35
48139,16.65,152511.67
44546,16.65,195041.76
136515,16.65,188583.51
137424,16.65,130678.2
A0A6S8ENE5,16.65,146029.05
32122,16.65,125528.21
31415,16.65,150250.9
48769,16.65,136503.54
151023,16.64,206841.23
137975,16.64,137477.19
138790,16.63,151487.28
142191,16.63,152172.92
A0A6S8ADD8,16.63,184699.78
A0A6S8A788,16.63,176157.61
A0A6S7ZD93,16.62,135145.5
142195,16.62,168441.03
67818,16.61,147322.14
142337,16.61,123147.33
41688,16.61,128862.88
A0A6S8DBI6,16.61,132617.96
A0A6S8CEI7,16.6,138394.99
95890,16.6,170660.52
69267,16.6,142155.77
45100,16.6,146445.58
31202,16.6,117213.36
102706,16.6,161169.63
138952,16.6,128068.16
141763,16.59,149264.45
48390,16.59,132357.71
A0A6S8ET78,16.58,138890.97
43668,16.58,120223.31
120443,16.58,145617.72
85504,16.58,153600
A0A6S8FWD0,16.58,109174.19
118708,16.57,139613.36
A0A6S8B888,16.57,153206.06
136358,16.57,120075.38
114333,16.56,151850.69
143504,16.56,140836.91
6565,16.56,128397.62
141715,16.56,110425.9
A0A6S8F3W5,16.56,140621.66
141219,16.56,123492.49
140683,16.55,141109.03
42759,16.55,125947.92
51245,16.55,103891.44
46678,16.55,133627.54
46600,16.55,150121.12
A0A6S8EK13,16.55,105489.55
47963,16.54,114624.79
50371,16.54,168338.15
50094,16.54,116365.07
45173,16.54,125880.43
30930,16.54,171431.21
54255,16.54,143314.41
65642,16.53,139980.05
6528,16.53,156335.6
46963,16.53,170183.73
40076,16.53,124652.03
723,16.53,142800.2
115994,16.53,136187.55
98191,16.53,171730.67
111272,16.52,108749.67
45211,16.52,135299.06
1714,16.52,121763.44
43436,16.52,143446.21
7320,16.52,145514.64
A0A6S8AZ86,16.52,98836.19
150998,16.52,167097.51
142712,16.52,120785.73
81999,16.52,151720.04
A0A6S8GG50,16.52,127578.3
139517,16.51,140310
36764,16.51,127266.81
139785,16.51,145141.29
140902,16.5,103677.79
43918,16.49,119747.85
A0A6S8FER9,16.49,109817.33
140338,16.49,134545.28
78722,16.49,174008.59
54055,16.48,114443.42
9724,16.48,130538.73
A0A6S8D0S2,16.48,120069.19
36857,16.47,105514.7
46307,16.47,114570.88
79367,16.47,117683.56
136889,16.47,100386.35
50058,16.46,118692.54
48368,16.46,179990
148358,16.46,102766.39
44570,16.45,142876.66
136219,16.44,155498.96
141460,16.44,137839.56
138593,16.44,125714.64
115560,16.44,158027.61
49718,16.43,111042.99
139830,16.43,121986.02
A0A6S8ADZ2,16.42,96392.49
42999,16.42,131230
5141,16.42,158867.03
45208,16.42,135088.52
60609,16.42,115030.82
A0A6S8ESH4,16.41,97191
33321,16.41,107582
111183,16.4,131745.63
133454,16.4,103081.25
45800,16.39,164047.36
138785,16.39,109095.57
A0A6S8DH39,16.38,167737.25
142621,16.38,173121.43
136220,16.38,119791.28
142362,16.37,148135.41
68566,16.37,124182.65
117711,16.37,100190.26
145904,16.37,118828.41
138844,16.36,93206.41
129308,16.36,105122.05
112560,16.36,113773.75
85192,16.35,120433.58
7240,16.35,97405.02
45484,16.35,95799.44
139221,16.35,99022.08
136281,16.35,123747.27
A0A6S8ERM9,16.35,140728.63
108739,16.34,132799.46
141829,16.34,98458.57
A0A6S8DEH6,16.34,139150
41630,16.34,107414.76
A0A6S7ZNY6,16.34,130402.49
39266,16.33,140013
137466,16.33,130166.69
39845,16.33,108996.82
117116,16.33,136282.41
58538,16.33,97796.79
42582,16.33,108521.74
43607,16.32,94360.11
11120,16.32,87295.43
142049,16.32,141658.8
9842,16.32,111420.18
841,16.31,138994.96
142355,16.31,114477.87
136202,16.31,168020.08
6715,16.31,114643.7
A0A6S8CJ97,16.31,114445.82
A0A6S8DDF4,16.3,140983.49
132432,16.3,138295.72
135420,16.3,113412.48
40905,16.29,149646.48
139396,16.29,103880
114038,16.29,82367.13
77776,16.28,92998.19
114974,16.28,130753.15
139863,16.28,107376.19
44079,16.28,102297.17
137541,16.28,112391.17
A0A6S8B1H5,16.27,105665.58
44713,16.27,116457.56
140612,16.27,92947.14
55702,16.27,94297.44
138117,16.27,130766.57
A0A6S8BZC5,16.26,113055.98
44336,16.25,118166.22
136987,16.25,115508.15
47019,16.24,131626.24
A0A6S8AHI0,16.24,121104.21
A0A6S8B5Y5,16.24,135190
63051,16.24,124630.83
3936,16.23,110755.83
139750,16.23,103579.7
47081,16.23,96744.98
42824,16.22,125041.32
133990,16.22,97929.35
139164,16.22,114907.54
33170,16.22,88124.72
10377,16.22,99505.02
A0A6S8ETN7,16.21,129326.75
38229,16.21,128194.05
45201,16.21,86703.96
140913,16.2,120675.59
A0A6S8F9H8,16.2,127626.03
77439,16.2,92162.14
71772,16.19,118040.91
119716,16.19,91085.87
50926,16.18,96519.59
42102,16.18,120855.36
46143,16.17,92417.39
72745,16.17,81648.94
A0A6S8CVK7,16.16,137724.82
8363,16.16,96779.36
29593,16.16,111871.66
47284,16.16,85341
139813,16.16,125890
A0A6S8BGH9,16.15,93413.06
40304,16.15,89286.27
43020,16.14,87374.03
139198,16.14,99696.58
56703,16.14,141456.86
7860,16.14,129860.2
136037,16.13,112570
151276,16.13,125783.71
65544,16.12,112279.03
84164,16.12,78632.95
137700,16.11,102879.24
A0A6S8F085,16.11,106593.94
81920,16.1,100816.93
146471,16.1,109688.01
36332,16.1,88915.72
116535,16.1,89876.99
10775,16.1,102788.12
11509,16.09,107486.64
48074,16.09,154847.38
144492,16.08,82475.75
136817,16.08,103753.85
139587,16.08,82207.6
138229,16.07,91789.97
77346,16.06,104620.89
5359,16.05,104362.4
43575,16.04,112652.15
32117,16.04,100565.71
138278,16.04,137265.82
139467,16.03,123087.71
A0A6S8DCM9,16.02,80503.42
142094,16.02,98826.53
A0A6S8F6C3,16.02,93118.34
99646,16.01,132860
136483,16.01,100960
68209,16.01,91023.91
A0A6S8FP08,16.01,104454.08
1723,16.01,85314.98
150745,16,74553.5
A0A6S8BQT2,15.99,118030.1
30057,15.99,98613.48
43836,15.99,78243.25
142156,15.99,102772.01
143233,15.98,81524.66
140186,15.98,90722.26
47679,15.98,83397.62
44826,15.97,101423.22
138526,15.96,62241.55
128408,15.96,73881.19
83954,15.95,95922.57
46657,15.94,90387.02
139888,15.94,73517.28
141616,15.93,86403.61
116642,15.93,96566.63
139058,15.92,115448.23
44792,15.92,92362.95
116061,15.92,136761.27
A0A6S8ADE7,15.91,64848
82739,15.91,77318.22
30107,15.91,98768.86
60018,15.9,114468.21
694,15.9,80817.62
5856,15.9,78556.05
140167,15.88,81622.83
128456,15.88,96385.95
42488,15.88,70342.28
A0A6S8B9J4,15.88,75020.09
138850,15.88,91531.37
145170,15.88,65912.34
7389,15.87,78734.38
116157,15.87,72976.74
119951,15.84,99899.63
48987,15.8,76563.59
137918,15.8,64797.79
A0A6S7ZP82,15.79,79318.95
43841,15.77,77730.52
66413,15.76,83128.85
29440,15.75,110673.19
128296,15.74,59428.86
46906,15.74,117090.04
38495,15.73,74581.25
136627,15.72,61978.19
49263,15.72,70513.54
31865,15.7,66775.34
49475,15.7,69881.89
143050,15.69,86500.83
136646,15.69,105009.73
70792,15.69,77763
146030,15.69,59415.85
141905,15.68,75750.25
131884,15.68,86041.98
96037,15.67,62884.56
75999,15.67,86682.85
32283,15.67,69082.54
65367,15.66,77123.16
142060,15.66,64498.27
A0A6S8D5R7,15.65,67925.53
48039,15.62,89017.24
A0A6S8FCJ0,15.62,75668.55
140209,15.61,73342.7
42158,15.58,76310.63
142779,15.53,84561.46
4509,15.53,60156.03
74093,15.53,56432.63
80200,15.51,59192.23
78506,15.51,63696.7
A0A6S8BKJ5,15.5,61018.78
33812,15.49,74242.69
37788,15.48,58496.89
9664,15.48,104022.34
125257,15.46,64906.24
54846,15.46,80733.66
A0A6S8FFR1,15.45,76113.99
5718,15.45,88267.91
6332,15.44,72388.52
144659,15.42,64843.21
A0A6S8BH62,15.42,69096.1
142202,15.42,73751.77
44727,15.41,51849
56086,15.4,69745
117182,15.38,62238
84056,15.37,89287.87
137046,15.37,54472.71
44641,15.37,46902.69
137066,15.36,57024
46041,15.36,47065.29
66506,15.32,48551.04
139778,15.32,58343.38
A0A6S8ADW9,15.3,56135.41
136459,15.3,45534.96
150132,15.29,51829
42712,15.29,63958.29
8120,15.28,69794.62
34444,15.27,62782.02
71032,15.23,69272.03
129693,15.22,47437.36
140115,15.22,54915.32
71013,15.21,56134.81
40682,15.19,39583.47
140763,15.19,47258.87
70198,15.18,67353.24
119880,15.17,56181.55
53197,15.16,54662.18
7978,15.16,46200.39
72021,15.16,56520.59
60104,15.13,56083
71990,15.1,61505.72
55668,15.06,32949
41702,15.06,49807.25
A0A6S8BMH9,15,57527.93
139696,15,61569.78
136649,14.99,50586.1
43580,14.99,67505.42
A0A6S8DS33,14.98,37582.43
4254,14.98,32464.35
32622,14.94,45766.53
114286,14.89,35948.59
43464,14.89,33805.77
136197,14.88,39641.25
47861,14.86,45483.27
34895,14.84,50942.96
A0A6S8E589,14.83,48142.79
119176,14.77,30120.6
7767,14.76,32973.96
141048,14.76,38936.03
140403,14.76,50604.17
47925,14.74,31267.91
47578,14.73,35991.59
13509,14.7,31339.97
41837,14.59,33717.81
43862,14.58,27978.73
65330,14.51,32589.98
A0A6S8C8X5,14.47,30134.78
80565,14.43,35014.85
137706,14.38,36374.14
A0A6S8F9K9,14.35,25892.7
48761,14.33,26144.5
9453,14.27,42296.68
46216,14.16,26355.39
140543,14.11,23526.42
32851,13.99,20525.17
A0A6S8DUZ3,13.94,19557.49
120311,13.74,18241.84
66779,13.42,13045.16
31050,13.39,14161.34
118678,13.31,16266
108201,13.13,16741.41
81967,13.12,10907.92
A0A6S8F718,12.33,8526.38
30852,11.84,5299.45
