MMETSP_ID,JGI_ID
A0A6S8B6I7,100312
A0A6S8BFV5,100463
A0A6S8G552,100711
A0A6S7ZM94,1009
A0A6S8EN43,101067
A0A6S8AZW0,101509
A0A6S8E7V5,10179
A0A6S8BGH1,102011
A0A6S7ZL08,102422
A0A6S8BP33,102428
A0A6S8ABN1,10253
A0A6S8B3B6,102543
A0A6S8B0B7,102623
A0A6S8D0L1,10264
A0A6S8ARI7,102684
A0A6S8GI41,102706
A0A6S8FJ81,102789
A0A6S7ZM08,102883
A0A6S8G4H9,102913
A0A6S8D3Z7,103007
A0A6S8CYC1,103046
A0A6S8A529,10377
A0A6S8EEK8,10398
A0A6S8ERD4,103997
A0A6S8B3A8,104016
A0A6S8E9Q2,10404
A0A6S8B473,104178
A0A6S8B9D8,104533
A0A6S8AIR6,104577
A0A6S8EZC4,104882
A0A6S8AZG7,104908
A0A6S8B7C3,104965
A0A6S8DI51,105065
A0A6S8D452,105083
A0A6S8CCU0,105607
A0A6S8G1Q0,105921
A0A6S8DFL9,10610
A0A6S8C7K7,106183
A0A6S8GEV5,106365
A0A6S8EKN5,106452
A0A6S8CQQ5,10649
A0A6S8A9B7,106669
A0A6S8EJF9,10677
A0A6S8EKS9,10677
A0A6S8AGP1,10682
A0A6S8CJ14,106824
A0A6S8D5M3,106883
A0A6S8B1I5,107117
A0A6S8BE81,107122
A0A6S8B733,10713
A0A6S8EMI9,107249
A0A6S8DLU8,10775
A0A6S8AYF1,108155
A0A6S8EJU9,108273
A0A6S8CZC0,108739
A0A6S8B230,109147
A0A6S8FMU9,109167
A0A6S7ZVT0,109323
A0A6S8ATL3,109495
A0A6S8CEK4,109712
A0A6S7ZPX6,109737
A0A6S8ES76,110008
A0A6S8BB61,110060
A0A6S8EA36,11010
A0A6S8EPU1,11037
A0A6S8E4T1,110537
A0A6S8FSY9,110565
A0A6S8G6P9,110565
A0A6S8BPU0,11058
A0A6S8B888,111100
A0A6S8EE20,111183
A0A6S8E8Z0,11120
A0A6S8B1S7,11124
A0A6S8EY15,111355
A0A6S8ACM1,111508
A0A6S8CNU1,111701
A0A6S8F5E4,111852
A0A6S8CGX0,111860
A0A6S8ESH4,11197
A0A6S8BZZ8,112282
A0A6S8B2I9,112560
A0A6S8F085,112744
A0A6S8EAJ6,113138
A0A6S8BFI7,113506
A0A6S7ZPS1,113507
A0A6S8DSV6,113518
A0A6S8ESW0,113657
A0A6S8DVR9,113696
A0A6S8CIN2,113726
A0A6S8A5M2,113768
A0A6S8E5F5,11378
A0A6S8EBZ5,113801
A0A6S8CZ76,113861
A0A6S8ARW7,11390
A0A6S8AU69,113953
A0A6S8DLM7,113956
A0A6S8AUM7,113958
A0A6S8C8B2,114034
A0A6S8BUC0,114038
A0A6S8AJ69,114081
A0A6S8BUI6,114145
A0A6S8FD34,114175
A0A6S8BDF3,114188
A0A6S8C2U7,114309
A0A6S8DFP0,114333
A0A6S8CJ03,114335
A0A6S8BFU3,114364
A0A6S8DH53,114447
A0A6S8FWH9,114494
A0A6S8DH95,114497
A0A6S8BPY1,114559
A0A6S8BVK0,114574
A0A6S8G2V5,114676
A0A6S8ENG2,114690
A0A6S8EF74,114787
A0A6S8DK14,114839
A0A6S8A105,114848
A0A6S8A6G1,114891
A0A6S8FY68,114895
A0A6S8ETB6,114974
A0A6S8FMS7,115001
A0A6S8EMC0,115020
A0A6S8B9P6,115025
A0A6S8EMD9,115052
A0A6S8FS50,11509
A0A6S8CR83,115161
A0A6S8EI83,1152
A0A6S8B7N6,115200
A0A6S8F358,115215
A0A6S8AEF5,115261
A0A6S8AZP2,115297
A0A6S8FEG0,115356
A0A6S8D271,115370
A0A6S8AE85,115433
A0A6S8FI20,115514
A0A6S8BED3,115560
A0A6S8C6T5,115638
A0A6S8CLG1,11565
A0A6S7ZUT8,115677
A0A6S8AQZ0,115689
A0A6S8CGZ9,115815
A0A6S8BK84,115855
A0A6S8DBD5,115866
A0A6S8CTM2,115994
A0A6S8DDM4,116011
A0A6S8DBA1,116061
A0A6S8BBM6,116088
A0A6S8B0B8,116101
A0A6S8EA08,116136
A0A6S8C2K2,116157
A0A6S7ZFQ3,116188
A0A6S8B9Q9,116230
A0A6S8FWN1,116372
A0A6S8FXS5,116402
A0A6S7ZQB6,116490
A0A6S8CKN5,116520
A0A6S8AUA3,116535
A0A6S8FRV1,116567
A0A6S8GUT8,116636
A0A6S8GA60,11676
A0A6S8FY99,116783
A0A6S8AR49,116796
A0A6S8B0Z5,116813
A0A6S8EIX4,116830
A0A6S8ERH6,116918
A0A6S8FQY2,116966
A0A6S8G6F7,116973
A0A6S8F8I6,116995
A0A6S8DEE9,117061
A0A6S8EKY2,117106
A0A6S8F7Q0,117116
A0A6S8FC05,117182
A0A6S7ZSN5,117249
A0A6S8B9C1,117291
A0A6S8D436,117319
A0A6S8EBZ4,117391
A0A6S8D666,117395
A0A6S8G3U7,117443
A0A6S8C180,11757
A0A6S8FKF4,117613
A0A6S8AXC0,117698
A0A6S8EF63,117705
A0A6S8BD20,117708
A0A6S8DVN0,117711
A0A6S8DXS8,117715
A0A6S8GHH9,117796
A0A6S7ZY32,117814
A0A6S8A065,117948
A0A6S8E7H3,117995
A0A6S8AVE1,118107
A0A6S8BKH7,118108
A0A6S8E6X9,118179
A0A6S8EJQ3,118186
A0A6S8AJY1,118187
A0A6S8BDA9,118211
A0A6S8E7T1,118212
A0A6S8CPZ5,118227
A0A6S8C1R4,118266
A0A6S8A305,11827
A0A6S7ZY47,118329
A0A6S8FRT4,118443
A0A6S8DVA0,118528
A0A6S8AJ72,118550
A0A6S8FJZ3,118552
A0A6S8EV12,118681
A0A6S8D065,118689
A0A6S8CKE6,118705
A0A6S8FTC4,118708
A0A6S8G9A7,118763
A0A6S8D5J8,118830
A0A6S7ZQ31,118859
A0A6S8BUS8,118880
A0A6S8D2G0,118892
A0A6S8BCY3,118906
A0A6S8C0L7,118949
A0A6S8C343,118949
A0A6S7ZK66,118957
A0A6S8CX35,118959
A0A6S8DVF9,118967
A0A6S8EDM6,119058
A0A6S8BFD7,119116
A0A6S8G2I7,119142
A0A6S7ZXG2,119199
A0A6S8ATP6,1192
A0A6S8AC80,119202
A0A6S8AY05,119324
A0A6S8EUB5,119343
A0A6S8AE91,119464
A0A6S8BC09,119483
A0A6S7ZT18,119535
A0A6S8FRG0,119545
A0A6S8EXN2,11960
A0A6S8B9J1,119619
A0A6S8DGN0,11964
A0A6S7ZIX7,119640
A0A6S8GCF3,119642
A0A6S8DK56,119664
A0A6S8DB17,119782
A0A6S8B4M8,119810
A0A6S8BMR0,119820
A0A6S8A3R0,119880
A0A6S8FAH1,119951
A0A6S8EWE2,120109
A0A6S8DAM6,120112
A0A6S8B0H6,120126
A0A6S7ZPU6,120262
A0A6S8D321,120311
A0A6S8GCU9,120334
A0A6S8GDB2,120406
A0A6S8DYB4,120414
A0A6S8AGB1,120443
A0A6S8C061,120461
A0A6S8FCT9,120462
A0A6S8EN82,120530
A0A6S8D530,120536
A0A6S8BC51,12067
A0A6S8BTD6,12067
A0A6S7ZGU4,120806
A0A6S8BPU8,120981
A0A6S8F3X7,12104
A0A6S7ZQI5,121490
A0A6S7ZTZ8,121543
A0A6S7ZV93,121695
A0A6S8E824,12195
A0A6S8CPM9,122551
A0A6S8FA36,122619
A0A6S8EQC5,122650
A0A6S8ANL5,12282
A0A6S7ZRS3,123094
A0A6S8FBP6,123422
A0A6S8AIC3,123630
A0A6S8AWH6,123799
A0A6S8CKA3,123824
A0A6S8F0P1,12401
A0A6S8FB44,124035
A0A6S8CMA4,124376
A0A6S8E5W4,12458
A0A6S8AJQ4,124602
A0A6S8C523,124817
A0A6S8G486,12485
A0A6S7ZYC6,124985
A0A6S7ZSB3,125257
A0A6S8D5L6,125370
A0A6S8F1W9,125465
A0A6S8BLG8,125563
A0A6S8DQ05,12559
A0A6S8DQG1,12559
A0A6S8E6D6,12575
A0A6S7ZWW7,12589
A0A6S8CV84,126007
A0A6S8ASH9,126030
A0A6S7ZSP5,126114
A0A6S8C8M0,126174
A0A6S8BQY7,126447
A0A6S8BQK2,126684
A0A6S8BJ88,126688
A0A6S8D4U0,127107
A0A6S8AVE5,127164
A0A6S8AJV5,127471
A0A6S8BJZ6,127527
A0A6S8C971,127645
A0A6S8AZ18,128073
A0A6S8BS64,128082
A0A6S8FUE4,128135
A0A6S7ZP76,128296
A0A6S8BN43,1283
A0A6S8F3J4,128408
A0A6S8BT88,128456
A0A6S8CQZ9,128793
A0A6S8BS36,128898
A0A6S8CLW5,12920
A0A6S8BMA0,129280
A0A6S7ZF54,129308
A0A6S8B679,129340
A0A6S8A2B6,129410
A0A6S8B3Z0,129427
A0A6S8FWK7,129437
A0A6S8AK33,129482
A0A6S8FM55,129547
A0A6S8G599,129690
A0A6S8AQT6,129693
A0A6S7ZY12,129955
A0A6S8AIC5,130100
A0A6S8G0P4,130541
A0A6S8DPF0,13057
A0A6S8DMK9,130886
A0A6S8CSH3,131027
A0A6S8DPG7,131027
A0A6S8AEM3,131064
A0A6S8APT9,131499
A0A6S8BDV9,131544
A0A6S8B2G1,131704
A0A6S8EAB1,131908
A0A6S7ZSJ0,132136
A0A6S8F5F2,132147
A0A6S8BNE9,132348
A0A6S8E167,132440
A0A6S8EJ32,132537
A0A6S8DVS1,132553
A0A6S8CTP6,132853
A0A6S7ZTK4,133302
A0A6S7ZUV8,133454
A0A6S8EJE3,133460
A0A6S8FS17,13367
A0A6S8D4M6,1337
A0A6S8G547,133744
A0A6S8A8D0,133798
A0A6S8EGH8,133929
A0A6S8B5I5,13396
A0A6S8DCL3,133990
A0A6S8DFE0,13412
A0A6S8EYM7,134269
A0A6S8EZT2,134269
A0A6S8FV04,13432
A0A6S8FYI4,13432
A0A6S8EN27,134884
A0A6S8AYM2,135071
A0A6S7ZK78,135420
A0A6S8GG50,13557
A0A6S8E817,135782
A0A6S8BBL6,136037
A0A6S8EHZ7,136038
A0A6S8B1Y7,136048
A0A6S8A7D0,136054
A0A6S8B8R9,136055
A0A6S7ZUR5,136083
A0A6S8AD50,136084
A0A6S8AJT6,136085
A0A6S8B0Q8,136093
A0A6S8A8C6,136096
A0A6S8DI84,136098
A0A6S8F965,136102
A0A6S8C988,136108
A0A6S8BRJ6,136109
A0A6S8AF43,136136
A0A6S8G1G2,136137
A0A6S8BBK5,136161
A0A6S8C6X5,136162
A0A6S8CCW2,136164
A0A6S8E3N8,136181
A0A6S8BND1,136192
A0A6S8CER4,136196
A0A6S8C9S4,136197
A0A6S8A376,136201
A0A6S8FM24,136216
A0A6S8CU64,136217
A0A6S8FAW8,136219
A0A6S8FAD6,136220
A0A6S8DVQ6,136226
A0A6S8CXY0,136227
A0A6S8D9M7,136238
A0A6S8FIB4,136248
A0A6S8G980,13625
A0A6S8B0N7,136257
A0A6S8EI75,136262
A0A6S8BTB0,136268
A0A6S8FUF0,136278
A0A6S7ZJJ4,136281
A0A6S8B2S0,136281
A0A6S8DUX2,136286
A0A6S8D7H6,136299
A0A6S8FES1,136301
A0A6S8BSZ6,136303
A0A6S8EDH4,136308
A0A6S8ANE7,136325
A0A6S8C6Z6,136342
A0A6S8A402,136358
A0A6S8BTN7,136360
A0A6S8BS30,136361
A0A6S8BUE4,136376
A0A6S8DL82,136379
A0A6S8CKR1,136398
A0A6S8E484,136425
A0A6S8C9C4,136427
A0A6S8AQZ9,136428
A0A6S8A2Q1,136434
A0A6S8F2R0,136440
A0A6S8D8Y7,136450
A0A6S8ACA4,136459
A0A6S8GCC2,136463
A0A6S8FE04,136473
A0A6S8EM18,136475
A0A6S8F6N0,136478
A0A6S7ZJE5,136481
A0A6S8GDG6,136483
A0A6S8AVW4,136484
A0A6S8D4D5,136485
A0A6S8CX26,136488
A0A6S8C793,136489
A0A6S7ZX82,136496
A0A6S8EM66,136501
A0A6S8C202,136502
A0A6S8GCJ9,136507
A0A6S7ZUK9,136510
A0A6S8ABP4,136511
A0A6S8DEK9,136514
A0A6S8BU01,136515
A0A6S8FX57,136538
A0A6S8A3K2,136539
A0A6S8BG81,136541
A0A6S8B2D9,136542
A0A6S8EA63,136568
A0A6S8EK31,136571
A0A6S7ZIR2,136572
A0A6S8BZ98,136573
A0A6S8EHJ0,136584
A0A6S8EK39,136585
A0A6S8ENJ8,136586
A0A6S8BMY0,136598
A0A6S8BII4,136600
A0A6S8EGA9,136606
A0A6S8ESX9,136606
A0A6S8D3L5,136607
A0A6S8AGF2,136608
A0A6S8B2P5,136627
A0A6S7ZTZ4,136646
A0A6S8ANV9,136647
A0A6S8DB09,136649
A0A6S8B678,136651
A0A6S7ZTP0,136652
A0A6S8B2X1,136654
A0A6S8ALN0,136674
A0A6S8FF06,136697
A0A6S8E4U6,136702
A0A6S8E8K9,136715
A0A6S8D1W2,136733
A0A6S7ZR91,136736
A0A6S8AFW2,136746
A0A6S8B0E0,136750
A0A6S8EJA8,136763
A0A6S8D9F0,136765
A0A6S8AK04,136766
A0A6S8G424,136796
A0A6S8E9I5,136804
A0A6S8B8B9,136817
A0A6S8BLS0,136829
A0A6S8E2L9,136833
A0A6S8E269,136835
Q1KNJ1,136839
A0A6S8AX00,136855
A0A6S8GFV5,136858
A0A6S8FYH8,136860
A0A6S8BMC8,136861
A0A6S7ZMX4,136865
A0A6S8DHW1,136877
A0A6S8FEY1,136880
A0A6S8FFY9,136883
A0A6S8ERT8,136889
A0A6S7ZIE5,136920
A0A6S8DAR2,136925
A0A6S8AE00,136927
A0A6S8D276,136940
A0A6S8EZA4,136953
A0A6S8F2D5,136964
A0A6S8D1E3,136965
A0A6S8F612,136966
A0A6S8EVF2,136967
A0A6S8FWS1,136971
A0A6S8CY60,136983
A0A6S8F977,136987
A0A6S8F5N2,136990
A0A6S8FM05,137017
A0A6S8GC28,137024
A0A6S8AUC7,137046
A0A6S8DXS5,137048
A0A6S8A0X4,137061
A0A6S8AAA2,137064
A0A6S7ZPV0,137066
A0A6S8CCZ2,137081
A0A6S8GTT6,137093
A0A6S7ZUM3,137104
A0A6S8E0K0,137113
A0A6S8CW18,137115
A0A6S8EVL1,137125
A0A6S8A8B8,137140
A0A6S7ZXJ9,137157
A0A6S8AIJ9,137173
A0A6S8EF95,137175
A0A6S8FBY9,137176
A0A6S8BX23,137181
A0A6S8ESX0,137186
A0A6S8DXI7,137187
A0A6S7ZSA2,137189
A0A6S8EJY7,137197
A0A6S8B350,137204
A0A6S8FWH2,137206
A0A6S8BEV7,137208
A0A6S8FTQ2,137209
A0A6S8A6L8,137211
A0A6S8FXA0,137218
A0A6S8B8D6,137219
A0A6S8CBZ2,137221
A0A6S8E7C0,137229
A0A6S8CW22,137234
A0A6S8APS1,137243
A0A6S8CI95,137245
A0A6S8A799,137262
A0A6S8ARQ8,137263
A0A6S8GJ12,137277
A0A6S8B0R2,137280
A0A6S8DWA7,137288
A0A6S8BZ08,137289
A0A6S8C216,137289
A0A6S7ZHI7,137294
A0A6S8AJU2,137308
A0A6S8ECQ8,137309
A0A6S8DRB9,137312
A0A6S8AMB1,137323
A0A6S8AA02,137326
A0A6S7ZRD2,137354
A0A6S8A6Z3,137356
A0A6S7ZHK9,137358
A0A6S8EE68,137364
A0A6S8E587,137366
A0A6S8D7J8,137368
A0A6S8E154,137377
A0A6S8CQ37,137380
A0A6S8FB86,137397
A0A6S8CWZ4,137401
A0A6S8C120,137402
A0A6S7ZJL2,137411
A0A6S7ZM50,137424
A0A6S8ACF7,137433
A0A6S8DL72,137451
A0A6S7ZTT7,137462
A0A6S8B8C8,137463
A0A6S8ACI7,137466
A0A6S8AF21,137475
A0A6S8EMC1,137494
A0A6S8G8U8,137504
A0A6S8EUP1,137516
A0A6S8BPF1,137518
A0A6S8E1F6,137525
A0A6S8EIQ2,137532
A0A6S8AL82,137534
A0A6S8BA37,137536
A0A6S8BPX3,137541
A0A6S8BXS1,137542
A0A6S8AV21,137561
A0A6S8FBU4,137569
A0A6S8FHX5,137595
A0A6S8D8J3,137600
A0A6S8A8H2,137601
A0A6S8FWF6,137611
A0A6S8C520,137613
A0A6S8BRM3,137616
A0A6S8A3A9,137623
A0A6S8BNQ9,137626
A0A6S7ZUT4,137636
A0A6S8FYW9,137646
A0A6S8BKR2,137650
A0A6S8AY15,137652
A0A6S8EWL1,137653
A0A6S8FCD2,137655
A0A6S8AF45,137668
A0A6S8BAS6,137670
A0A6S8AQE0,137675
A0A6S8D9Q0,137679
A0A6S8G650,137688
A0A6S8G8R5,137694
A0A6S8AHZ7,137697
A0A6S8BMV4,137700
A0A6S8A2Z7,137703
A0A6S8BE18,137705
A0A6S8A9K8,137706
A0A6S8AS04,137707
A0A6S8FQD7,137708
A0A6S8AM72,137730
A0A6S8A4H0,137735
A0A6S7ZZ82,137765
A0A6S8BNI9,137778
A0A6S8B3S2,137784
A0A6S8C513,137794
A0A6S8BXR6,137812
A0A6S8EVM8,137813
A0A6S8A9Z7,137824
A0A6S8A321,137830
A0A6S8AJA6,137835
A0A6S8CNR1,137837
A0A6S8CXL7,137839
A0A6S8BH85,137840
A0A6S8ANG8,137849
A0A6S8CFE9,137853
A0A6S8B5Q6,137857
A0A6S8D495,137858
A0A6S8AEV9,137872
A0A6S8F9B6,137893
A0A6S8ATV7,137897
A0A6S8A1F9,137909
A0A6S8B2W7,137914
A0A6S8BV28,137918
A0A6S8C857,137929
A0A6S8FFM8,137934
A0A6S8EE03,137935
A0A6S8A049,137941
A0A6S7ZQS0,137957
A0A6S8DC96,137960
A0A6S8C959,137975
A0A6S8APC9,137978
A0A6S8A2P3,137990
A0A6S8AAC8,137992
A0A6S8AFK0,138013
A0A6S8BTM4,138031
A0A6S8EUE9,138036
A0A6S8FFZ4,138060
A0A6S8CMY8,138074
A0A6S8ERL9,138082
A0A6S8DMD0,138090
A0A6S8DEL0,138099
A0A6S7ZGE1,138105
A0A6S8FDV5,138111
A0A6S7ZLR6,138117
A0A6S7ZV12,138128
A0A6S8ELQ4,138132
A0A6S8BVZ2,138137
A0A6S8BS73,138155
A0A6S8EUS0,138177
A0A6S8CK96,138182
A0A6S7ZMQ1,138197
A0A6S8A5J0,138203
A0A6S7ZD93,138211
A0A6S8FYC9,138212
A0A6S7ZVY4,138216
A0A6S8G5Q4,138217
A0A6S8C3J1,138220
A0A6S8ANK8,138229
A0A6S8DEW9,138233
A0A6S8E4B7,138233
A0A6S8DEP0,138237
A0A6S8DHR7,138238
A0A6S8DHS0,138238
A0A6S8BX06,138242
A0A6S8D5C4,138243
A0A6S8B3U7,138254
A0A6S8C1E3,138264
A0A6S8CZK7,138278
A0A6S8D3H4,138285
A0A6S8B8W7,138295
A0A6S8B693,138300
A0A6S8ACQ1,138304
A0A6S8CCY9,138306
A0A6S8B0C1,138308
A0A6S8ARH1,138311
A0A6S8AU37,138311
A0A6S8BLU9,138319
A0A6S8AM19,138322
A0A6S8G149,138343
A0A6S8A5P4,138352
A0A6S8DG91,138363
A0A6S8A2J1,138364
A0A6S7ZVX2,138365
A0A6S8B2F9,138376
A0A6S8AT71,138391
A0A6S8ETE6,138416
A0A6S8FVR3,138417
A0A6S7ZXJ7,138428
A0A6S8F3X6,138428
A0A6S8EL48,138431
A0A6S8BG50,138432
A0A6S8F6P2,138437
A0A6S8G992,138448
A0A6S8E5I4,138458
A0A6S8F1W0,138480
A0A6S7ZSG4,138485
A0A6S8AEI5,138504
A0A6S7ZY97,138505
A0A6S8C4F9,138523
A0A6S8AFU2,138526
A0A6S8C4I1,138527
A0A6S8BCS0,138538
A0A6S8EEL9,138544
A0A6S8FEA6,138548
A0A6S8FNC6,138555
A0A6S8EFZ4,138558
A0A6S8E4U2,138580
A0A6S8B2N7,138585
A0A6S8B6Z8,138593
A0A6S8B5I7,138600
A0A6S7ZGZ7,138602
A0A6S8FX52,138603
A0A6S8GHF1,138609
A0A6S8C6L4,138611
A0A6S8AUU4,138612
A0A6S8F122,138639
A0A6S8CK26,138642
A0A6S8FG17,138644
A0A6S7ZVM9,138645
A0A6S8GCM7,138654
A0A6S8FJB0,138666
A0A6S8DEC5,138670
A0A6S8DLJ5,138684
A0A6S8BI81,138696
A0A6S8A7H0,138699
A0A6S8AU43,138701
A0A6S7ZWC5,138703
A0A6S8EU84,138707
A0A6S8ATM6,138754
A0A6S8CPU2,138764
A0A6S8DHA9,138767
A0A6S8DM58,138785
A0A6S8AAA3,138787
A0A6S8ETZ2,138797
A0A6S8B396,138805
A0A6S7ZVT2,138808
A0A6S8G9C6,138811
A0A6S8B129,138814
A0A6S8A210,138816
A0A6S7ZXD8,138819
A0A6S8ABT4,138823
A0A6S8AWF1,138824
A0A6S7ZY96,138834
A0A6S8BL43,138835
A0A6S8GBJ2,138844
A0A6S8A5V4,138850
A0A6S8BRN8,138852
A0A6S8A5P0,138889
A0A6S8DJG8,138890
A0A6S8BJH8,138891
A0A6S8ABV4,138892
A0A6S8DMD4,138903
A0A6S8DMP4,138903
A0A6S7ZS84,138909
A0A6S8B7E1,138917
A0A6S7ZVS4,138925
A0A6S8DFP8,138926
A0A6S8B793,138935
A0A6S8AQN8,138938
A0A6S8D6M2,138951
A0A6S8AX20,138952
A0A6S8A628,138958
A0A6S7ZG73,138959
A0A6S8BD36,138962
A0A6S8A5D6,138966
A0A6S8F1M1,138972
A0A6S8A543,138980
A0A6S8C2I0,138985
A0A6S8BZE5,138987
A0A6S8E928,138992
A0A6S8A3P9,138994
A0A6S8D150,138997
A0A6S8GHC8,139005
A0A6S8E5R6,139017
A0A6S8APY8,139023
A0A6S8FYH1,139025
A0A6S8BHJ3,139030
A0A6S8AY26,139034
A0A6S7ZW43,139035
A0A6S8FW75,139036
A0A6S8C2R9,139041
A0A6S8F3K1,139055
A0A6S8FCJ0,139058
A0A6S7ZG15,139062
A0A6S8FLP0,139066
A0A6S8FGG0,139073
A0A6S7ZJM5,139080
A0A6S8EU89,139081
A0A6S8DCV1,139089
A0A6S8AU49,139091
A0A6S8D3C6,139097
A0A6S7ZY73,139106
A0A6S8CK51,139108
A0A6S8BIC8,139114
A0A6S8CGN7,139122
A0A6S8EYJ7,139127
A0A6S8EU91,139128
A0A6S7ZIW7,139134
A0A6S8BDB2,139154
A0A6S8B6K7,139157
A0A6S8AGA6,139164
A0A6S8AS15,139165
A0A6S8A272,139168
A0A6S8B829,139169
A0A6S8B0V2,139170
A0A6S8BDY0,139171
A0A6S8ACN3,139175
A0A6S8EFG3,139191
A0A6S8BX48,139193
A0A6S8FRM5,139198
A0A6S8GHK8,139206
A0A6S8AT18,139209
A0A6S8EWQ7,139212
A0A6S8DVW0,139221
A0A6S8AY06,139225
A0A6S8E539,139252
A0A6S7ZQQ3,139270
A0A6S8AS40,139271
A0A6S7ZSJ6,139272
A0A6S8EJ78,139273
A0A6S8A2B7,139280
A0A6S7ZJ20,139287
A0A6S7ZQD5,139292
A0A6S8B040,139320
A0A6S8DYM9,139323
A0A6S8CQ45,139328
A0A6S8FF16,139330
A0A6S8A2W0,139352
A0A6S8AIT6,139364
A0A6S8EN73,139391
A0A6S8AQ89,139396
A0A6S8CAT4,139405
A0A6S8AI63,139427
A0A6S8CAE1,139430
A0A6S8FLJ2,139433
A0A6S8BZS9,139443
A0A6S8BWR6,139450
A0A6S8A4A5,139455
A0A6S8E6G1,139456
A0A6S8B8Y5,139461
A0A6S8GDM4,139465
A0A6S8CJK5,139467
A0A6S8DS45,139468
A0A6S8DZG8,139479
A0A6S8DYM0,139481
A0A6S8F222,139486
A0A6S8CNZ9,139491
A0A6S8ATY3,139494
A0A6S8AA57,139498
A0A6S8BXY6,139509
A0A6S8AXM0,139512
A0A6S8BCI1,139517
A0A6S8ECG5,139531
A0A6S8BR03,139547
A0A6S8C8R7,139555
A0A6S8B3H5,139562
A0A6S7ZJ51,139565
A0A6S8ABL2,139576
A0A6S8A1V2,139580
A0A6S8B3E9,139586
A0A6S8FYP5,139587
A0A6S8C229,139589
A0A6S8FU47,139593
A0A6S8DXF2,139598
A0A6S8AXS6,139603
A0A6S7ZQD7,139611
A0A6S8DDA9,139613
A0A6S8F4Q2,139617
A0A6S8C4P1,139621
A0A6S7ZZU3,139629
A0A6S8FVL0,139646
A0A6S8F2E2,139649
A0A6S8F2H1,139649
A0A6S8ECX0,139652
A0A6S7ZSZ2,139664
A0A6S8EWZ1,139686
A0A6S8AID4,139696
A0A6S8B4X9,139697
A0A6S7ZX94,139698
A0A6S7ZXS8,139711
A0A6S8FJF8,139713
A0A6S8AZS6,139715
A0A6S8FIV9,139724
A0A6S8GSV1,139726
A0A6S8EVI9,139729
A0A6S7ZVD4,139732
A0A6S8AXW4,139739
A0A6S8AZG3,139742
A0A6S8BQF9,139744
A0A6S8BVX9,139747
A0A6S8EIA4,139750
A0A6S8CBY6,139751
A0A6S8DIS5,139753
A0A6S8CWN0,139758
A0A6S8CBE4,139766
A0A6S8CDC3,139772
A0A6S8F6U8,139776
A0A6S8FYJ0,139778
A0A6S8FDH1,139779
A0A6S8CQZ8,139782
A0A6S8CP40,139785
A0A6S8C2J9,139786
A0A6S8A5Y8,139787
A0A6S8E6Z4,139788
A0A6S7ZVT1,139791
A0A6S8ATK7,139795
A0A6S8AXX3,139799
A0A6S8ANG2,139802
A0A6S8FMA8,139813
A0A6S8AWS5,139828
A0A6S8GCC3,139830
A0A6S8B3X1,139852
A0A6S8AS24,139853
A0A6S8AL00,139855
A0A6S8F9K2,139856
A0A6S8DLQ7,139863
A0A6S8ET15,139867
A0A6S8AUU5,139877
A0A6S8CQA9,139881
A0A6S8EX23,139888
A0A6S8DRI0,139905
A0A6S8B098,139914
A0A6S8E7S0,139915
A0A6S8DFA4,139934
A0A6S8ACZ6,139936
A0A6S8DIQ8,139942
A0A6S8CGQ9,139949
A0A6S8D8U1,139957
A0A6S8FRL4,139960
A0A6S7ZSE8,139962
A0A6S8C3Q4,139964
A0A6S7ZW45,139967
A0A6S8BB57,139978
A0A6S7ZZU1,139981
A0A6S8F0Y7,140009
A0A6S8GCZ2,140023
A0A6S8AJM1,140029
A0A6S8EII3,140047
A0A6S8DHK1,140061
A0A6S8EE30,140066
A0A6S8F0H9,140068
A0A6S8A9V9,140071
A0A6S7ZXZ0,140078
A0A6S8FB47,140105
A0A6S8AZK3,140113
A0A6S8ADW9,140115
A0A6S8DQE8,140120
A0A6S8APR5,140144
A0A6S7ZL97,140148
A0A6S7ZL06,140167
A0A6S8A7I6,140170
A0A6S8AKU8,140172
A0A6S8CHA3,140186
A0A6S8E8H0,140202
A0A6S8EDJ3,140204
A0A6S8F7M8,140207
A0A6S8F621,140208
A0A6S8F4C3,140210
A0A6S8EV75,140211
A0A6S8C1Z4,140215
A0A6S7ZXG7,140231
A0A6S8D291,140237
A0A6S8DXG1,140245
A0A6S8CG25,140263
A0A6S7ZK48,140267
A0A6S7ZT09,140281
A0A6S8GCN4,140287
A0A6S8BCH1,140296
A0A6S8AR34,140299
A0A6S8AQ82,140316
A0A6S8CLF6,140323
A0A6S8G5C6,140338
A0A6S8A1I8,140342
A0A6S8EGF7,140344
A0A6S8GB23,140350
A0A6S8ADF4,140355
A0A6S7ZU84,140357
A0A6S8EFY1,140364
A0A6S8GBL0,140373
A0A6S8GGC9,140375
A0A6S8DV46,140403
A0A6S7ZGF2,140425
A0A6S8FGK3,140435
A0A6S8B8H5,140440
A0A6S8ACU7,140453
A0A6S8A9F4,140454
A0A6S7ZWD6,140461
A0A6S8B5B1,140473
A0A6S8AH87,140487
A0A6S8DCA2,140489
A0A6S8BUL7,140511
A0A6S8BPG7,140516
A0A6S7ZK65,140518
A0A6S8B4D8,140526
A0A6S8CMD7,140531
A0A6S7ZSW4,140537
A0A6S8ADC4,140542
A0A6S8B907,140543
A0A1J0I0C1,140546
A0A6S7ZRR3,140548
A0A6S8A9I5,140559
A0A6S8BVC9,140561
A0A6S8BRQ3,140573
A0A6S7ZLH2,140578
A0A6S8EHW7,140579
A0A6S8A724,140597
A0A6S8B716,140607
A0A6S8BCC5,140610
A0A6S8AA98,140612
A0A6S8E442,140619
A0A6S8C300,140633
A0A6S8D0A4,140639
A0A6S8CLC9,140642
A0A6S8E7X5,140668
A0A6S8F620,140680
A0A6S8GK77,140683
A0A6S8EXH8,140684
A0A6S8BUF9,140690
A0A6S8AZW6,140700
A0A6S8CX75,140703
A0A6S8EN41,140729
A0A6S8D0T9,140742
A0A6S8C866,140744
A0A6S8ANG0,140748
A0A6S8CYF1,140749
A0A6S8CW16,140755
A0A6S8ABF6,140756
A0A6S8DLY2,140760
A0A6S8AC83,140763
A0A6S8ENL7,140770
A0A6S8B6U3,140772
A0A6S8E988,140798
A0A6S8E965,140799
A0A6S8EFU1,140800
A0A6S8EG84,140801
A0A6S8DYZ0,140804
A0A6S8A926,140813
A0A6S7ZTM4,140820
A0A6S8CMC9,140822
A0A6S8CST7,140822
A0A6S8F1V4,140829
A0A6S8CJS2,140831
A0A6S7ZNE2,140845
A0A6S8G6C0,140851
A0A6S8DIB2,140862
A0A6S8BB91,140866
A0A6S8CKZ5,140882
A0A6S8CQ02,140885
A0A6S8G9Z3,140887
A0A6S8A4S2,140893
A0A6S8CHH1,140902
A0A6S8DCF2,140903
A0A6S8AQB1,140905
A0A6S8AUE6,140906
A0A6S8G3S7,140913
A0A6S8AGJ3,140927
A0A6S8AZ86,140942
A0A6S8G1R0,140942
A0A6S8A7S4,140947
A0A6S8CNM2,140957
A0A6S8FZ62,140959
A0A6S8BGS3,140960
A0A6S8G4J6,140963
A0A6S8EZV4,140965
A0A6S7ZVB3,140971
A0A6S8FNB6,140988
A0A6S7ZPJ3,140992
A0A6S8CZS8,140994
A0A6S8ACH8,140998
A0A6S8B7J8,141004
A0A6S7ZGB1,141027
A0A6S8FWZ0,141029
A0A6S8A9L9,141030
A0A6S8EJ49,141048
A0A6S8A3L2,141052
A0A6S8BMX4,141057
A0A6S8BBA4,141059
A0A6S8DK88,141067
A0A6S8F9V2,141082
A0A6S8DY53,141086
A0A6S8EE28,141109
A0A6S8BLA6,141112
A0A6S8A9Q4,141113
A0A6S8G4L2,141115
A0A6S8EYU0,141116
A0A6S8EPB0,141122
A0A6S8EQN1,141123
A0A6S8BG72,141124
A0A6S8EYC1,141127
A0A6S8FK74,141129
A0A6S8AKG2,141131
A0A6S8AMT1,141133
A0A6S7ZI02,141137
A0A6S7ZS06,141148
A0A6S8EKQ9,141152
A0A6S8BDI8,141156
A0A6S8F8K1,141165
A0A6S8FBY3,141176
A0A6S8A4A7,141182
A0A6S8BJN4,141184
A0A6S8DH39,141187
A0A6S8AHN4,141222
A0A6S8DX42,141237
A0A6S8EFV4,141261
A0A6S8B938,141287
A0A6S8CA55,141295
A0A6S8A514,141311
A0A6S8E660,141314
A0A6S8EKQ8,141317
A0A6S8DJT1,141319
A0A6S8DQ19,141322
A0A6S8EA30,141324
A0A6S8BEU1,141332
A0A6S8AU55,141352
A0A6S8FD17,141353
A0A6S8D416,141368
A0A6S8B241,141377
A0A6S8EVF9,141385
A0A6S8B6A5,141408
A0A6S8GBI0,141416
A0A6S8FE12,141420
A0A6S8FSF5,141420
A0A6S8G4U0,141423
A0A6S7ZUC3,141433
A0A6S8E947,141441
A0A6S8A235,141442
A0A6S8BFZ5,141442
A0A6S8C0T1,141448
A0A6S8FCD4,141460
A0A6S8F6M1,141461
A0A1J0I0D7,141473
A0A6S8BXK0,141478
A0A6S8ALY7,141479
A0A6S8ANV6,141485
A0A6S8AWU6,141487
A0A6S8CVU7,141497
A0A6S8BRW8,141501
A0A6S8A785,141519
A0A6S7ZQX9,141536
A0A6S8C7X5,141543
A0A6S8ARU2,141546
A0A6S8EN84,141547
A0A6S8C170,141563
A0A6S8ACH3,141565
A0A6S8G4R3,141598
A0A6S8CDW5,141604
A0A6S8CXJ0,141616
A0A6S8CXJ7,141618
A0A6S8EZD6,141622
A0A6S8FTU6,141627
A0A6S8FJB2,141650
A0A6S8B8W6,141651
A0A6S8AWC0,141652
A0A6S8DXL5,141670
A0A6S8EXY6,141672
A0A6S8F057,141672
A0A6S8F760,141683
A0A6S8CLV1,141703
A0A6S7ZMC6,141707
A0A6S8G6L5,141713
A0A6S8A4V0,141715
A0A6S8CYQ6,141726
A0A6S8F9W1,141755
A0A6S8B9K9,141761
A0A6S8A1B1,141763
A0A6S8DLE8,141771
A0A6S8DZT5,141780
A0A6S8AFC3,141794
A0A6S8FCL6,141796
A0A6S8A981,141801
A0A6S8B840,141821
A0A6S8BCZ9,141829
A0A6S8GJ87,141832
A0A6S8DNJ7,141833
A0A6S8DNY9,141833
A0A6S8DPI3,141833
A0A6S8C121,141834
A0A6S8B6L2,141836
A0A6S8AEW7,141854
A0A6S8A5V5,141865
A0A6S8CII0,141876
A0A6S8GHE4,141876
A0A6S8BPG9,141892
A0A6S8A063,141900
A0A6S8BY35,141904
A0A6S7ZX45,141905
A0A6S8BHE8,141932
A0A6S8BI90,141937
A0A6S8FDA9,141943
A0A6S8FU85,141948
A0A6S8AF18,141950
A0A6S8CDH7,141952
A0A6S8G2W6,141961
A0A6S8AKD5,141976
A0A6S8EUL3,141989
A0A6S8D6F2,142000
A0A6S8FDW9,142007
A0A6S8FGV8,142007
A0A6S8CV73,142010
A0A6S8DUA1,142028
A0A6S7ZTB1,142031
A0A6S7ZXP4,142033
A0A6S7ZNI6,142049
A0A6S8EXG2,142059
A0A6S8BGH9,142060
A0A6S8BJU9,142066
A0A6S8AWI0,142077
A0A6S8B2K5,142094
A0A6S8FTA9,142103
A0A6S8AHJ8,142105
A0A6S8AMP5,142114
A0A6S8G6U0,142116
A0A6S8GBZ1,142119
A0A6S7ZV54,142120
A0A6S8BSU8,142139
A0A6S8AJB7,142156
A0A6S8BTV9,142157
A0A6S8CPU0,142158
A0A6S8EUX5,142161
A0A6S8AT13,142162
A0A6S8FAU9,142191
A0A6S8AXK3,142194
A0A6S8EB57,142195
A0A6S7ZMZ6,142198
A0A6S8CD83,142202
A0A6S8G412,142206
A0A6S8BWM4,142209
A0A6S8E157,142209
A0A6S8DVM9,142223
A0A6S8E625,142227
A0A6S8BWR3,142235
A0A6S8F3P4,142238
A0A6S8EN36,142249
A0A6S8B5S0,142267
A0A6S8BI63,142269
A0A6S7ZT07,142287
A0A6S8AVA6,142288
A0A6S8E7Q1,142291
A0A6S8AE89,142314
A0A6S7ZJM6,142337
A0A6S8B336,142355
A0A6S8E6F5,142362
A0A6S8BE89,142380
A0A6S8AHD8,142382
A0A6S8BQG1,142387
A0A6S8F451,142393
A0A6S7ZWH1,142396
A0A6S8E139,142405
A0A6S8AZ30,142411
A0A6S8FSW4,142419
A0A6S8GDE0,142419
A0A6S8BFI1,142428
A0A6S8EU80,142430
A0A6S8BK93,142437
A0A6S8BLZ9,142440
A0A6S7ZTF3,142442
A0A6S8B9U6,142443
A0A6S7ZKJ0,142446
A0A6S8ATD3,142458
A0A6S8EM92,142464
A0A6S8E2R8,142468
A0A6S8ANT0,142470
A0A6S8AXA3,142488
A0A6S8FA95,142490
A0A6S8G9F1,142495
A0A6S8G482,142500
A0A6S8DKR0,142511
A0A6S7ZNV7,142515
A0A6S8E1X3,142543
A0A6S8F7N2,142544
A0A6S7ZWU3,142557
A0A6S8AL33,142565
A0A6S8F5N4,142566
A0A6S8BQN1,142570
A0A6S8B780,142578
A0A6S8F527,142583
A0A6S8FY56,142584
A0A6S8G188,142584
A0A6S8GD25,142584
A0A6S8B145,142593
A0A6S7ZUJ0,142598
A0A6S8CCC3,142604
A0A6S8AGX3,142613
A0A6S8F2V6,142621
A0A6S7ZE47,142623
A0A6S8CF70,142626
A0A6S8C3S6,142632
A0A6S8E365,142634
A0A6S8BW83,142635
A0A6S8BM95,142637
A0A6S8A7Z6,142639
A0A6S8F1S2,142640
A0A6S8AVU2,142664
A0A6S8AAI9,142681
A0A6S8GBP0,142686
A0A6S8BUU7,142690
A0A6S7ZPT8,142693
A0A6S8GS03,142698
A0A6S8B3B5,142704
A0A6S8BB74,142712
A0A6S8BZX4,142722
A0A6S8D6Z3,142732
A0A6S8FAT5,142745
A0A6S8FVW5,142746
A0A6S8AC51,142747
A0A6S8A4L3,142749
A0A6S8ESI5,142750
A0A6S8F6K8,142752
A0A6S8ALL8,142759
A0A6S8E7P9,142768
A0A6S8GCD1,142771
A0A6S8G7Q9,142772
A0A6S8DIH6,142773
A0A6S8CR03,142777
A0A6S8D748,142779
A0A6S8D332,142792
A0A6S8FGH5,142802
A0A6S8BGX2,142806
A0A6S7ZTU3,142810
A0A6S8CBA0,142818
A0A6S8FR62,142827
A0A6S8ANS4,142831
A0A6S8GJB3,142834
A0A6S8DZF4,142841
A0A6S8AML2,142844
A0A6S8C6U1,142851
A0A6S8C6V2,142851
A0A6S8FBU3,142863
A0A6S8EWD2,142871
A0A6S7ZWU2,142877
A0A6S8A2W1,142887
A0A6S8EZ34,142895
A0A6S8DFG1,142911
A0A6S8ATM5,142917
A0A6S7ZH42,142919
A0A6S8BEY3,142921
A0A6S8AFV8,142932
A0A6S8GAD3,142988
A0A6S7ZQJ4,143001
A0A6S8EQ44,143007
A0A6S8EQZ0,143033
A0A6S7ZH69,143049
A0A6S7ZUY1,143050
A0A6S8AK76,143053
A0A6S8CYU3,143059
A0A6S8A1J5,143066
A0A6S8G736,143089
A0A6S8GPB0,143109
A0A6S8D4H0,143275
A0A6S8FWN8,143366
A0A6S8FYB2,143470
A0A6S8CZB5,143491
A0A6S8G4T2,143504
A0A6S8DQI3,143689
A0A6S8EB69,143704
A0A6S8EA11,143762
A0A6S8AN41,143766
A0A6S8A7I3,143818
A0A6S7ZSI1,143822
A0A6S8DQE4,143868
A0A6S8BIK9,143978
A0A6S8FBK9,144492
A0A6S8D4A8,144524
A0A6S8CA75,144659
A0A6S8G8A7,144780
A0A6S8E2L5,145007
A0A6S8A0C4,145016
A0A6S8CPP7,145042
A0A6S8E9K9,145061
A0A6S8B4C6,145170
A0A6S7ZJ44,145412
A0A6S8DW52,145675
A0A6S8AJQ6,145807
A0A6S8C301,145904
A0A6S7ZWG4,146030
A0A6S8CSP2,146268
A0A6S8DRH6,146288
A0A6S8F2R5,146303
A0A6S8F667,146303
A0A6S8D8D6,146434
A0A6S8DFD5,146471
A0A6S8BQE5,146576
A0A6S8BUB2,147066
A0A6S7ZQH8,147683
A0A6S8B110,147725
A0A6S8CK87,147947
A0A6S7ZGT4,147969
A0A6S8G4M6,148017
A0A6S8EUR2,148186
A0A6S8F133,148186
A0A6S8AVH1,148352
A0A6S8EMT7,148358
A0A6S8DDM5,148408
A0A6S8G5Y6,148640
A0A6S8D3U0,1490
A0A6S8E961,149081
A0A6S8EBU5,149081
A0A6S8C3V9,149380
A0A6S8C691,149380
A0A6S8DFN4,149581
A0A6S8FFW0,149853
A0A6S8D9T1,150132
A0A6S7ZWD4,150507
A0A6S8C011,150578
A0A6S8AQ41,150601
A0A6S8ETF6,150630
A0A6S8C8E6,150745
A0A6S8AN42,150818
A0A6S8FW70,150998
A0A6S8GUK4,151023
A0A6S8CYF9,151034
A0A6S8BNL8,151067
A0A6S8AMW5,151155
A0A6S8BPQ4,151155
A0A6S8DKN1,151245
A0A6S8DKR7,151245
A0A6S8FD21,151276
A0A6S8DMN7,151664
A0A6S8FMY4,1517
A0A6S8AXC2,1598
A0A6S8F2A2,1651
A0A6S8D2W9,169
A0A6S8EVW1,1714
A0A6S8EVU9,1846
A0A6S8EWL5,1846
A0A6S8BWE5,1874
A0A6S8BE33,193
A0A6S8DH35,2082
A0A6S8FX90,2088
A0A6S8ERR5,2136
A0A6S8B752,2193
A0A6S8F9R9,2349
A0A6S8A7E6,243
A0A6S8CZ44,2507
A0A6S8AE88,2567
A0A6S8ALB0,2597
A0A6S8AUN5,2614
A0A6S8FE42,265
A0A6S8EVQ8,269
A0A6S8G5T6,2795
A0A6S8F750,2807
A0A6S8FW13,2807
A0A6S7ZF11,28382
A0A6S8DEA2,28528
A0A6S8A4S7,28564
A0A6S8EV26,28573
A0A6S8E640,28829
A0A6S8AKR8,2883
A0A6S8FPD6,28915
A0A6S8FW54,28945
A0A6S8FFI8,29083
A0A6S8FU98,29125
A0A6S8EYS6,29301
A0A6S8GB62,29416
A0A6S8FYG3,29440
A0A6S8FCR7,29461
A0A6S8AXF1,29593
A0A6S8GID3,29739
A0A6S8DHM6,29765
A0A6S8G485,29872
A0A6S8DH52,29930
A0A6S8F8L1,30107
A0A6S8EYG2,30212
A0A6S8E351,3025
A0A6S8E6A1,3025
A0A6S8BWU8,30401
A0A6S8D2V3,30406
A0A6S8AWG6,30439
A0A6S8F4E9,3046
A0A6S8DZY7,30613
A0A6S8CAU7,30807
A0A6S8G2S6,30816
A0A6S8A0I2,30858
A0A6S8EVH3,30894
A0A6S8A1N3,3101
A0A6S8FML1,31050
A0A6S8CDR9,3111
A0A6S8AXQ4,31155
A0A6S8BT37,31202
A0A6S8F534,31222
A0A6S8G303,3132
A0A6S8BDX2,31415
A0A6S8AG83,3147
A0A6S8FQA0,31635
A0A6S8EZA0,31651
A0A6S7ZT85,31817
A0A6S8AFX8,31865
A0A6S8CF23,31900
A0A6S8F745,3199
A0A6S7ZVQ7,3202
A0A6S8EYU3,32030
A0A6S8EVW3,3204
A0A6S8FH49,32061
A0A6S8BQM9,32117
A0A6S8BSD7,32122
A0A6S8AJJ5,32171
A0A6S8EIG2,32211
A0A6S8E7U0,32283
A0A6S8BZW6,32308
A0A6S8CIZ4,32308
A0A6S8CTA7,32382
A0A6S8ABS6,32410
A0A6S8CWQ5,32480
A0A6S8G167,32526
A0A6S8FUB4,32531
A0A6S8EZI7,32564
A0A6S8CJ71,32622
A0A6S8DV72,32751
A0A6S8F2Y6,32789
A0A6S7ZI91,32804
A0A6S8G5K3,32812
A0A6S8B5G9,32818
A0A6S8AFA1,32851
A0A6S8DU71,33135
A0A6S8E7K6,3317
A0A6S8FJX2,33170
A0A6S8D2X3,33319
A0A6S8ALR1,33321
A0A6S8BY22,33432
A0A6S8BDW4,33564
A0A6S8E8T9,33631
A0A6S8ALP5,33645
A0A6S8EGW4,33812
A0A6S8AGE6,33850
A0A6S8A9A3,33998
A0A6S8EJZ3,34142
A0A6S8B468,34306
A0A6S8C3Z6,34362
A0A6S8CNR6,34444
A0A6S8C6U3,34480
A0A6S8DV16,34497
A0A6S8G7V3,34506
A0A6S8DPA8,34581
A0A6S8F891,34645
A0A6S8DVY6,34709
A0A6S8AKK5,3471
A0A6S8E9J7,34735
A0A6S8EYY8,34765
A0A6S8FEU2,34773
A0A6S8FFA2,34895
A0A6S8BF91,35030
A0A6S8FJ08,35059
A0A6S8BR39,35068
A0A6S8F249,35090
A0A6S8E1H8,35143
A0A6S8CEQ9,352
A0A6S8BD00,3521
A0A6S8AMK1,35248
A0A6S8FAF0,35310
A0A6S8BB85,35337
A0A6S8G8K4,35471
A0A6S8EMW0,3556
A0A6S8ADF6,35627
A0A6S8D4Y1,35824
A0A6S8G8R3,35858
A0A6S8BY64,35868
A0A6S8EHY8,35921
A0A6S8AKV4,35957
A0A6S8F5Y9,36030
A0A6S8A5F0,36111
A0A6S8A9F9,36118
A0A6S8BJW3,36242
A0A6S8BQJ5,36332
A0A6S8BBS1,36347
A0A6S8F6Z8,36519
A0A6S7ZNJ0,36523
A0A6S8CA29,36540
A0A6S8B3X8,36581
A0A6S8BYG3,36581
A0A6S8DAW0,36581
A0A6S8F0N6,36586
A0A6S8BAB8,36602
A0A6S8A399,36629
A0A6S8D6H6,36682
A0A6S8EMJ2,36758
A0A6S8F9Z7,36764
A0A3S9VMC7,36775
A0A6S8C500,36857
A0A6S8FRN5,36976
A0A6S8D0G1,37015
A0A6S8AXI4,37034
A0A6S7ZTK3,37079
A0A6S8G4C7,37145
A0A6S8DIZ4,37154
A0A6S8AIY0,37637
A0A6S8A6F9,37642
A0A6S8EAV3,37656
A0A6S8B269,37700
A0A6S7ZG13,37788
A0A6S8DW71,38006
A0A6S8EFB8,38212
A0A6S8CRL4,3822
A0A6S8AYS9,38229
A0A6S7ZKK5,38293
A0A6S8CEG2,38391
A0A6S7ZJY1,38410
A0A6S8C3H0,38460
A0A6S8AE07,38495
A0A6S7ZVA9,38524
A0A6S7ZS78,3875
A0A6S8F267,38770
A0A6S8EE10,3884
A0A6S8E7N5,3890
A0A6S8AH60,38931
A0A6S8ES20,39130
A0A6S8EGP1,39134
A0A6S8F3G7,39134
A0A6S8BR67,39153
A0A6S7ZFB1,39339
A0A6S8ADJ1,39355
A0A6S8G5Z6,3936
A0A6S8ADU0,39398
A0A6S8AAT9,3947
A0A6S8A085,39605
A0A6S8B7M9,39610
A0A6S8E7T9,39753
A0A6S8AFQ0,39771
A0A6S7ZXL4,39828
A0A6S8FL38,3985
A0A6S8E0N4,39989
A0A6S8C2A2,40033
A0A6S8AMS6,40044
A0A6S8BF63,40066
A0A6S8EVK6,40071
A0A6S8D6Z5,40076
A0A6S8BZH7,40131
A0A6S8AN16,4023
A0A6S7ZN11,40250
A0A6S8CFE1,40261
A0A6S8B2B7,40269
A0A6S8AKL1,40304
A0A6S8CJE4,40309
A0A6S8ELL9,40425
A0A6S7ZLT8,40544
A0A6S8F556,40598
A0A6S8BG78,40630
A0A6S8BS46,40682
A0A6S8E8J5,40691
A0A6S8CBE5,40905
A0A6S8BVH7,40955
A0A6S8FE54,41229
A0A6S8BC02,41357
A0A6S8DC68,41407
A0A6S8F145,41474
A0A6S8CTC8,41582
A0A6S8B1L1,41586
A0A6S8F7B8,41591
A0A6S8G662,41602
A0A6S8AJA8,41608
A0A6S8DB86,41622
A0A6S8BLA0,41625
A0A6S7ZN73,41630
A0A6S8E181,41637
A0A6S8AAA5,41645
A0A6S8AIQ1,41654
A0A6S8C3D7,41657
A0A6S8EUA9,41688
A0A6S8FV94,41691
A0A6S8F710,41710
A0A6S8B8L7,41722
A0A6S8F196,41730
A0A6S7ZY07,41753
A0A6S8F548,41756
A0A6S8BD73,41768
A0A6S8EP80,41791
A0A6S8ENZ9,41799
A0A6S8AY07,41800
A0A6S8EFV6,41801
A0A6S8EI50,41827
A0A6S8EGD5,41829
A0A6S8BA34,41837
A0A6S8G790,41840
A0A6S8ACL8,41869
A0A6S8FHM5,41874
A0A6S8AC02,41887
A0A6S8BSM0,41896
A0A6S7ZVU6,41900
A0A6S7ZG11,41903
A0A6S8A6U3,41917
A0A6S8A0B8,41924
A0A6S8AEY9,41925
A0A6S8G077,41930
A0A6S8A4M1,41946
A0A6S8EJ39,41952
A0A6S8E2M9,41963
A0A6S8CG73,41966
A0A6S8AGU9,41968
A0A6S8DUL1,41976
A0A6S8BLV0,41980
A0A6S8DXU1,41982
A0A6S8ETE7,41983
A0A6S8BXF3,41994
A0A6S8AHY4,41997
A0A6S8FQA8,42007
A0A6S8A4E1,42009
A0A6S8DT26,42019
A0A6S8DI96,42032
A0A6S8E7N2,42049
A0A6S8AX53,42054
A0A6S8DQF7,42058
A0A6S8EFT1,42066
A0A6S8B3G1,42083
A0A6S7ZUM2,42092
A0A6S8EHV2,42098
A0A6S7ZJ79,42107
A0A6S8AN26,4212
A0A6S8F741,42120
A0A6S7ZV10,42124
A0A6S8EMX8,42128
A0A6S8BLM9,42133
A0A6S8BL53,42134
A0A6S8BXM8,42135
A0A6S8FQU8,42141
A0A6S8DS66,42142
A0A6S8D6D1,42143
A0A6S8FR90,42158
A0A6S8F088,42170
A0A6S8C4S7,42182
A0A6S8A8A9,42185
A0A6S8B2S9,42193
A0A6S8CCT2,42195
A0A6S8CJB1,42195
A0A6S8ER77,42207
A0A6S8CGS8,42238
A0A6S8DKQ8,42243
A0A6S8ANB0,42250
A0A6S8CE19,42273
A0A6S8AGQ3,42275
A0A6S8FQE9,42278
A0A6S8AAG3,42290
A0A6S7ZL04,42324
A0A6S8BD26,42328
A0A6S8G9D1,42343
A0A6S8AQ86,42345
A0A6S8AQ37,42349
A0A6S8F802,42366
A0A6S8AB69,42377
A0A6S8CFJ1,42384
A0A6S8E8E2,42391
A0A6S8C733,42396
A0A6S8FPG2,42396
A0A6S8DEB3,42410
A0A6S8CCX6,42411
A0A6S8BEV5,42412
A0A6S8BML9,42413
A0A6S8CQC6,42417
A0A6S8EBU4,42421
A0A6S8FNV4,42422
A0A6S8DAA3,42432
A0A6S8ANW9,42435
A0A6S8B7K3,42438
A0A6S8FP91,42439
A0A6S8CGR3,42455
A0A6S8FIG0,42460
A0A6S8ALE8,42461
A0A6S7ZU96,42475
A0A6S8FV23,42488
A0A6S8CJH1,42497
A0A6S8CYZ0,42499
A0A6S8BM92,42501
A0A6S8E0I8,42502
A0A6S7ZF41,42509
A0A6S8BL10,42510
A0A6S8EZE4,42511
A0A6S8DQX0,42521
A0A6S7ZNL9,42525
A0A6S8AKT0,42531
A0A6S8DJK5,42533
A0A6S8FZZ9,4254
A0A6S8FNP5,42546
A0A6S8G7M7,42549
A0A6S8EJJ5,42582
A0A6S8AG75,42583
A0A6S8CW83,42584
A0A6S8D6X8,42589
A0A6S8C7W8,42610
A0A6S8CJM7,42615
A0A6S8FIT4,42622
A0A6S8EW81,42624
A0A6S8CIM2,42652
A0A6S8B0B5,42655
A0A6S8BNT2,42671
A0A6S8BP64,42695
A0A6S8BA27,42704
A0A6S8CXX7,42712
A0A6S8EZK3,42723
A0A6S8EAY4,42728
A0A6S8AF68,42729
A0A6S8AZJ8,42731
A0A6S8AGK8,42736
A0A6S8AGI2,42758
A0A6S8ESI9,42759
A0A6S8AH66,42764
A0A6S8F8L0,42771
A0A6S8A1P1,42774
A0A6S8C3N2,42810
A0A6S8B652,42824
A0A6S7ZRS1,42828
A0A6S8G1P7,42846
A0A6S8FAL3,42854
A0A6S8C6S9,42857
A0A6S8G300,42866
A0A6S8A3H4,42867
A0A6S8BHT3,42877
A0A6S8CU85,42885
A0A6S8EVI5,42891
A0A6S8D207,42894
A0A6S8AV92,42896
A0A6S8AQI4,42910
A0A6S8EJE1,42915
A0A6S7ZKY8,42920
A0A6S8E3X7,42929
A0A6S8B0Z3,42941
A0A6S8B2W4,42950
A0A6S8FKQ9,42973
A0A6S8FTM7,42973
A0A6S8GTD3,42974
A0A6S8CCL6,42994
A0A6S8F487,43000
A0A6S7ZYS9,43011
A0A6S8CF93,43020
A0A6S8A573,43021
A0A6S8EFQ3,43032
A0A6S8AW87,43039
A0A6S8BQN3,43049
A0A6S8C703,43072
A0A6S8AQ05,43084
A0A6S8CUW0,43094
A0A6S8EAH0,43100
A0A6S8ENA3,43108
A0A6S8FTY9,43109
A0A6S8AVV6,43122
A0A6S7ZR76,43124
A0A6S8G2V0,43130
A0A1J0I0B7,43132
A0A6S8CTK2,43167
A0A6S8AGC8,43171
A0A6S8BPL1,43211
A0A6S7ZK62,43216
A0A6S7ZT99,43242
A0A6S8D244,43247
A0A6S8AN11,43258
A0A6S8AIS3,43262
A0A6S7ZQM8,43266
A0A6S7ZVR8,43269
A0A6S8EXP9,43278
A0A6S8GAW9,43279
A0A6S8BN41,43283
A0A6S8DIL2,43290
A0A6S8A3D2,43294
A0A6S8DUP1,43296
A0A6S8BI39,43300
A0A6S8BP67,43356
A0A6S8GH36,43360
A0A6S8C1U6,43369
A0A6S8AHQ2,4337
A0A6S8BC10,43379
A0A6S8FN05,43388
A0A6S8E325,43400
A0A6S8F9T1,43401
A0A6S8A097,43402
A0A6S8FHF4,43417
A0A6S8DGT6,43418
A0A6S8F3R0,43422
A0A6S8C7Q0,43436
A0A6S8G5T7,43451
A0A6S8A135,43456
A0A6S7ZPH8,43461
A0A6S8F8I3,43476
A0A6S8ASL3,43487
A0A6S7ZMN3,43520
A0A6S8EEG4,43535
A0A6S8AEU7,43547
A0A6S8ABM7,43565
A0A6S8EVP2,43566
A0A6S8EV70,43568
A0A6S8G836,43580
A0A6S8EPY4,43584
A0A6S7ZW96,43598
A0A6S8B9F5,43604
A0A6S8BRX8,43607
A0A6S8EYM8,43614
A0A6S8BHU9,43631
A0A6S8EH83,43636
A0A6S8GCD7,43647
A0A6S8G5W4,43650
A0A6S8FX71,43661
A0A6S8CJ31,43668
A0A6S8CSU4,43682
A0A6S8APH7,43700
A0A6S8AZS8,43709
A0A6S8ARF2,43711
A0A6S8ENU0,43717
A0A6S8B3N7,43746
A0A6S8CA18,43771
A0A6S7ZX17,43775
A0A6S8AS41,43789
A0A6S8AFI1,43791
A0A6S7ZVF3,43796
A0A6S8A493,43799
A0A6S8AHK4,43807
A0A6S8ATA7,43808
A0A6S8D6E4,43817
A0A6S8A0M0,43818
A0A6S8F4V1,43822
A0A6S8BT91,43836
A0A6S8EHT1,43841
A0A6S8G7V5,43850
A0A6S8AAW2,43854
A0A6S8ACW2,43860
A0A6S8E9S6,43862
A0A6S8B4X6,43871
A0A6S8AX26,43879
A0A6S7ZZI1,43893
A0A6S8DMK8,43897
A0A6S8ENF0,43907
A0A6S8CHX1,43908
A0A6S8BNE4,43911
A0A6S8CYS1,43912
A0A6S8BSE6,43918
A0A6S8FCY6,4393
A0A6S8AT90,43935
A0A6S8G6L1,43936
A0A6S7ZLB8,43938
A0A6S8DAX6,43941
A0A6S8F325,43942
A0A6S8APD8,43944
A0A6S8BRE5,43961
A0A6S8F246,43973
A0A6S7ZZJ3,43976
A0A6S8G389,43979
A0A6S8FMF4,43980
A0A6S8D0N9,43993
A0A6S8B5H2,43994
A0A6S8AQ30,43997
A0A6S8ACE0,44025
A0A6S8FB78,44028
A0A6S8ALK2,44029
A0A6S8E8A6,44030
A0A6S8DQ11,44039
A0A6S8BM67,44040
A0A6S8FN21,44041
A0A6S8EBD6,44064
A0A6S8ALK8,44079
A0A6S8DZ74,44080
A0A6S8BLI0,4409
A0A6S8G4I4,44116
A0A6S7ZVA6,44124
A0A6S8B545,44127
A0A6S7ZIT5,44140
A0A6S8FL70,44141
A0A6S8BCU0,44144
A0A6S8EPR3,44177
A0A6S8EGD3,44178
A0A6S8EM20,44198
A0A6S8ETY0,442
A0A6S8A588,44203
A0A6S8BZW1,44216
A0A6S8GB92,44218
A0A6S8DAY0,44226
A0A6S8FYV8,44229
A0A6S7ZZ15,44237
A0A6S8CAN9,44245
A0A6S8AF28,44258
A0A6S8D2W5,44270
A0A6S8EJ20,44272
A0A6S8A1Z6,44285
A0A6S8B4W9,44289
A0A6S8E8F8,44292
A0A6S8B3I8,44301
A0A6S8AB04,44303
A0A6S8ABF8,44310
A0A6S8F600,44314
A0A6S8B0E9,44317
A0A6S8B602,44322
A0A6S8A6Q5,44336
A0A6S7ZQ90,44339
A0A6S8DR89,44342
A0A6S8AWA0,44373
A0A6S7ZYT2,44374
A0A6S8F5W7,44381
A0A6S8EA02,44386
A0A6S8EVB6,44388
A0A6S8BHL3,44390
A0A6S8C1W6,44397
A0A6S8DTZ9,44404
A0A6S8A213,44415
A0A6S8CAA2,44417
A0A6S8F228,44418
A0A6S8B591,44432
A0A6S8C7E4,44446
A0A6S8EPF4,44457
A0A6S8EGM5,44467
A0A6S8A471,44474
A0A6S8DR85,44483
A0A6S8BXJ2,44487
A0A6S8FGV9,44492
A0A6S8A902,44539
A0A6S8A5L5,44543
A0A6S8DM36,44545
A0A6S8EEB7,44546
A0A6S8A5X8,44559
A0A6S8BRM1,44570
A0A6S8D3Y0,44584
A0A6S8EP58,44587
A0A6S8DKU8,44594
A0A6S8AZ93,44597
A0A6S7ZYF7,44599
A0A6S8BN88,44601
A0A6S8ADM0,44616
A0A6S8BNA9,44630
A0A6S7ZI59,44633
A0A6S8ELK0,44641
A0A6S8AQ97,44649
A0A6S8E5S7,44656
A0A6S8BY59,44669
A0A6S7ZEL4,44681
A0A6S8AFS5,44694
A0A6S8AUI0,44701
A0A6S8AP81,44710
A0A6S8AI48,44713
A0A6S8AIV2,44715
A0A6S8CZP1,44720
A0A6S8D8W5,44752
A0A6S8EFT4,44753
A0A6S8BF43,44759
A0A6S8ACV3,44778
A0A6S8CC23,44788
A0A6S8F9P0,44790
A0A6S8BMW0,44791
A0A6S8BWN0,44792
A0A6S8G6Q6,44795
A0A6S8FEJ1,44796
A0A6S7ZMP2,44799
A0A6S8A843,44810
A0A6S8GL57,44843
A0A6S8ANK1,44848
A0A6S8DYV0,44871
A0A6S8FLR1,44879
A0A6S8F160,44883
A0A6S8FUY9,44896
A0A6S8CRP2,44897
A0A6S8AWT4,44915
A0A6S8BAZ9,44920
A0A6S8F047,44933
A0A6S8AJ73,44935
A0A6S8ALY1,44941
A0A6S8EJP9,44946
A0A6S8DF57,44950
A0A6S8F8H8,44953
A0A6S8FKW1,44962
A0A6S8FVW9,44972
A0A6S8FEL0,44976
A0A6S8BRD3,44979
A0A6S8AND7,44985
A0A6S8CPH6,45002
A0A6S8EGI0,45009
A0A6S7ZMV5,45026
A0A6S8F026,45032
A0A6S8DHC4,45033
A0A6S7ZZM8,45035
A0A6S8BQ01,45086
A0A6S8AB53,45091
A0A6S8CVH0,45095
A0A6S8AH48,45098
A0A6S7ZRQ2,45100
A0A6S8BPJ9,45103
A0A6S8FC06,45108
A0A6S8DKF5,45119
A0A6S8AAZ9,45134
A0A6S8G4T6,45137
A0A6S8D2R5,45155
A0A6S8D6U4,45172
A0A6S7ZIU8,45173
A0A6S8FQP4,45175
A0A6S8DIY8,45179
A0A6S8BKH2,45185
A0A6S8BQK5,45190
A0A6S8CBZ5,45191
A0A6S8C6A8,45201
A0A6S8B4U8,45208
A0A6S8GUS7,45211
A0A6S7ZQ83,45216
A0A6S8BBC5,45218
A0A6S8ACK6,45223
A0A6S8FCS3,45230
A0A6S8C5C6,45236
A0A6S8BK57,45242
A0A6S8BYQ7,45253
A0A6S8BXD3,45256
A0A6S8D6I4,45270
A0A6S8F0I2,45281
A0A6S7ZX25,45284
A0A6S8EHD1,45288
A0A6S8FHB0,45290
A0A6S8E1Z2,45300
A0A6S8D040,45310
A0A6S8A6X8,45316
A0A6S8FBY6,45339
A0A6S8FJH8,45357
A0A6S8DUV8,45363
A0A6S8B0L5,45369
A0A6S8FS07,45370
A0A6S7ZPE5,45373
A0A6S8BGS6,45395
A0A6S8DFT6,45399
A0A6S7ZNZ2,45404
A0A6S8E410,45410
A0A6S8ERG8,45412
A0A6S8GB39,45415
A0A6S8A1M4,45433
A0A6S8GTE7,45444
A0A6S8CQQ8,45448
A0A6S7ZUQ5,45449
A0A6S8AB99,45451
A0A6S8DV29,45454
A0A6S8DPC8,45455
A0A6S8FTR1,45473
A0A6S8DZI0,45484
A0A6S8AN45,45497
A0A6S8AZD2,45508
A0A6S8FDI5,45524
A0A6S8GBW6,45528
A0A6S8B8N7,45537
A0A6S8C640,45551
A0A6S8EK22,45552
A0A6S8B203,45568
A0A6S8BEC0,45601
A0A6S8AY40,45604
A0A6S8G532,45608
A0A6S8AQ09,45632
A0A6S8BR13,45653
A0A6S8CGP4,45659
A0A6S8BWC0,45683
A0A6S8CDT5,45684
A0A6S8CNJ3,45690
A0A6S8B3D7,45695
A0A6S8A8F8,45705
A0A6S7ZVI4,45712
A0A6S8A5T6,45721
A0A6S8AH74,45724
A0A6S8C2W0,45758
A0A6S8C859,45759
A0A6S8D138,45760
A0A6S8BCP4,45767
A0A6S8D608,45775
A0A6S8DS21,45776
A0A6S8CIE5,45777
A0A6S8AJM5,45791
A0A6S8DYH9,45794
A0A6S8F105,45796
A0A6S8FEQ0,45800
A0A6S8BUB1,45860
A0A6S8EIG7,45864
A0A6S8AV66,45877
A0A6S8AVB8,45893
A0A6S8AMC5,45899
A0A6S8B031,45900
A0A6S8AZJ3,45902
A0A6S8DHE5,45908
A0A6S8AB57,45922
A0A6S8GG82,45927
A0A6S8GDE5,45929
A0A6S8BP55,45931
A0A6S8CSC6,45936
A0A6S8AKF7,45938
A0A6S8DMC9,45948
A0A6S8A8H6,45959
A0A6S8FYS3,45959
A0A6S8AYT8,45991
A0A6S7ZJ22,46013
A0A6S8GC73,46022
A0A6S8EME1,46037
A0A6S8EFK9,46041
A0A6S8AH92,46045
A0A6S8B1W4,46067
A0A6S8F337,46070
A0A6S8AT99,46117
A0A6S8AUB1,46123
A0A6S8AQ63,46127
A0A6S8C0Y5,46130
A0A6S8AR94,46153
A0A6S8AFH7,46166
A0A6S8EPB3,46169
A0A6S8ATL8,46170
A0A6S8DZB6,46177
A0A6S8EWI5,46196
A0A6S8DSW7,46198
A0A6S8DSX8,46198
A0A6S8DTY1,46198
A0A6S8B4N1,46200
A0A6S8BH12,46216
A0A6S7ZUU9,46223
A0A6S8A931,46235
A0A6S8FUT3,46242
A0A6S8A692,46245
A0A6S8DTV9,46246
A0A6S8EYQ3,46265
A0A6S8ACY0,46273
A0A6S8EDR7,46307
A0A6S8B0U8,46328
A0A6S8BT10,46343
A0A6S8FTP7,46347
A0A6S8B063,46348
A0A6S8FPB0,46351
A0A6S8EHE5,46354
A0A6S8E3L8,46369
A0A6S8E4D4,46369
A0A6S8GBG1,46382
A0A6S8EJN7,46390
A0A6S8AMB3,46405
A0A6S8E8E8,46408
A0A6S8ECF2,46408
A0A6S8FGF9,46419
A0A6S7ZG49,46425
A0A6S8BY71,46434
A0A6S8CT23,46439
A0A6S8EJ81,46445
A0A6S7ZY65,46457
A0A6S8BZV9,46459
A0A6S8BF96,46461
A0A6S7ZLD9,46471
A0A6S8B853,46480
A0A6S7ZMH2,46487
A0A6S8AW79,46492
A0A6S8BMY5,46494
A0A6S8EIY2,46495
A0A6S8AV77,46513
A0A6S8AUU9,46517
A0A6S8F646,46519
A0A6S8CDG1,46525
A0A6S8E681,46547
A0A6S8A8X6,46564
A0A6S8E8Q5,46582
A0A6S8C0G9,46600
A0A6S8BKV0,46627
A0A6S8BP37,46635
A0A6S7ZW62,46654
A0A6S8CC77,46657
A0A6S8AUX0,46675
A0A6S7ZTA8,46678
A0A6S8AJS1,46679
A0A6S8FQD3,46680
A0A6S7ZZZ0,46684
A0A6S8AD72,46687
A0A6S7ZW85,46695
A0A6S8DC36,46705
A0A6S8DSA7,46709
A0A6S8FK63,46720
A0A6S8BHK1,46728
A0A6S8GSQ5,46743
A0A6S8FEI9,46749
A0A6S8AHH2,4676
A0A6S8D1S4,46769
A0A6S8G5H6,46777
A0A6S8BCB3,46781
A0A6S8B2I0,46785
A0A6S8CF44,46792
A0A6S8BRN3,46795
A0A6S8ALX9,46801
A0A6S8ATM8,46809
A0A6S8D3H8,46830
A0A6S8G5L0,46834
A0A6S8C3M3,46835
A0A6S8EZJ2,46843
A0A6S8E2Y0,46847
A0A6S8CJ12,46852
A0A6S8ADS4,46873
A0A6S8EJ38,46877
A0A6S8F8K9,46880
A0A6S8GIH8,46884
A0A6S8CYA8,46891
A0A6S8CPY9,46898
A0A6S8BEJ3,469
A0A6S8EJW3,46900
A0A6S8AT95,46906
A0A6S7ZT39,46909
A0A6S8AKC3,46910
A0A6S8FR98,46923
A0A6S7ZF31,46927
A0A6S8C1K9,46932
A0A6S8FLM1,46953
A0A6S8FH39,46963
A0A6S7ZQD1,46982
A0A6S8CCL7,46997
A0A6S8A8L9,46999
A0A6S8FEB6,47005
A0A6S8G8I9,47007
A0A6S8ALZ0,47019
A0A6S8DJ01,47023
A0A6S8FTD1,47035
A0A6S7ZXZ6,47036
A0A6S8A7M8,47064
A0A6S8CVJ7,47070
A0A6S8AWQ6,47081
A0A6S8ER29,47088
A0A6S8DTX5,47092
A0A6S8B2D5,47102
A0A6S8BV77,47106
A0A6S8BXW2,47144
A0A6S8G8H6,47156
A0A6S7ZPN3,47161
A0A6S8EUE5,47163
A0A6S8ANS9,47175
A0A6S7ZM13,47177
A0A6S8EUH7,47179
A0A6S8B3L3,47192
A0A6S8EAG6,47193
A0A6S8CMR6,47210
A0A6S8GGR3,47218
A0A6S8FWV0,47238
A0A6S8BF49,47244
A0A6S8AYY8,47245
A0A6S8B758,47266
A0A6S8CME4,47282
A0A6S8A5L4,47284
A0A6S8BVV9,47290
A0A6S8AJJ4,47295
A0A6S7ZK79,47308
A0A6S7ZQX0,47310
A0A6S8EB46,47313
A0A6S8AZ78,4732
A0A6S8EGN7,47322
A0A6S8EGB2,47351
A0A6S8D838,47355
A0A6S8GCQ5,47361
A0A6S7ZWU5,47381
A0A6S8C972,47400
A0A6S8FW41,47403
A0A6S8AKD1,47420
A0A6S7ZMB1,47424
A0A6S7ZQZ4,47441
A0A6S8D8D0,47444
A0A6S8F6H7,47462
A0A6S8FQ96,47463
A0A6S8BZ68,47470
A0A6S8ALT3,47487
A0A6S8ELG3,47491
A0A6S8D6D4,47503
A0A6S8B563,47515
A0A6S8B890,47522
A0A6S8FZE9,47525
A0A6S8A073,47527
A0A6S8DPJ3,47540
A0A6S8DPJ6,47541
A0A6S8BHU1,47555
A0A6S8CGT2,47556
A0A6S8A5Z3,47581
A0A6S7ZUR3,47601
A0A6S8A0B4,47609
A0A6S7ZY16,47611
A0A6S8D0L3,47618
A0A6S8BJU7,47619
A0A6S8C1I4,47628
A0A6S7ZPP2,47632
A0A6S8AF76,47633
A0A6S8B9F3,47668
A0A6S7ZY25,47677
A0A6S7ZJ35,47681
A0A6S8ADK4,47683
A0A6S8B1C0,47687
A0A6S8B963,47702
A0A6S8FKT3,47705
A0A6S8FHM6,47709
A0A6S8EWX7,47711
A0A6S8DD86,47714
A0A6S7ZNL5,47729
A0A6S8E8Z4,47734
A0A6S8D8P1,47755
A0A6S8CJW4,47773
A0A6S8BH64,47782
A0A6S7ZTM9,47804
A0A6S7ZHK6,47806
A0A6S8B292,47810
A0A6S8BCL8,47823
A0A6S8AES0,47825
A0A6S8A1D3,47826
A0A6S8EEN6,47839
A0A6S8A1X5,47843
A0A6S8BXP1,47857
A0A6S8FAR6,47861
A0A6S8BE17,47867
A0A6S8AAM5,47873
A0A6S7ZMH6,47875
A0A6S8D128,47878
A0A6S7ZKE8,47879
A0A6S8ABX7,47884
A0A6S8CIG3,47886
A0A6S8C6Q5,47906
A0A6S8ATW6,47920
A0A6S7ZN41,47925
A0A6S8EK03,47930
A0A6S8CZ97,47935
A0A6S8A5V6,47947
A0A6S8ASU5,47949
A0A6S7ZT34,47953
A0A6S8CKZ0,47961
A0A6S8AG58,47963
A0A6S8CU50,47988
A0A6S8EZN6,47995
A0A6S8F231,48017
A0A6S8A655,48031
A0A6S8EMI8,48039
A0A6S8ARH5,48045
A0A6S8BTJ7,48072
A0A6S8F4A5,48074
A0A6S7ZI96,48077
A0A6S8DFV9,48080
A0A6S7ZUB9,48124
A0A6S8CI98,48133
A0A6S8B5C1,48134
A0A6S8FMF1,48135
A0A6S8DZQ8,48139
A0A6S8BBF7,48142
A0A6S8BKJ5,48143
A0A6S8FNI5,48153
A0A6S8F9B3,48161
A0A6S8GHM7,48165
A0A6S8D7F5,48174
A0A6S8EQI5,48178
A0A6S8AW36,48187
A0A6S8ERW4,48222
A0A6S8A6G0,48225
A0A6S8BB29,48227
A0A6S8FAF9,48245
A0A6S8EF11,48246
A0A6S8ALC9,48257
A0A6S8BEB1,48264
A0A6S8AX66,4828
A0A6S7ZTB9,48287
A0A6S8DDL0,48305
A0A6S7ZE61,48309
A0A6S8F330,48319
A0A6S8AWG7,48330
A0A6S8AS05,48338
A0A6S8G6Y5,48363
A0A6S8E736,48368
A0A6S8CJ35,48372
A0A6S8ADL2,48373
A0A6S8BC50,48380
A0A6S8FZS7,48396
A0A6S8G137,48401
A0A6S8EQG0,48415
A0A6S8EN45,48436
A0A6S8BN40,48450
A0A6S8EXS7,48454
A0A6S8B2H0,48458
A0A6S8EZF6,48468
A0A6S8GAE3,48511
A0A6S8BQR0,48515
A0A6S8B8Z1,48518
A0A6S7ZEU9,48519
A0A6S8FKP0,48535
A0A6S8BIB3,48554
A0A6S7ZVT3,48559
A0A6S8FP08,4857
A0A6S8BM98,48576
A0A6S8FVQ1,48578
A0A6S8AAG2,48579
A0A6S8BGP5,48616
A0A6S7ZQ40,48617
A0A6S7ZNX3,48619
A0A6S8FP93,48626
A0A6S7ZV41,48661
A0A6S8AU66,48669
A0A6S8CDI7,48674
A0A6S7ZXM9,48675
A0A6S8F7W4,48707
A0A6S8ACM9,48720
A0A6S8DVX8,48722
A0A6S8ACL7,48735
A0A6S8A7N1,48742
A0A6S8GHG7,48743
A0A6S8FUF8,48758
A0A6S8FWH0,48761
A0A6S8FS28,48769
A0A6S8C0A3,48775
A0A6S8B7L0,48779
A0A6S8AGH7,48812
A0A6S8AB61,48830
A0A6S8DJE5,48833
A0A6S8G0G5,48845
A0A6S8G9P2,48848
A0A6S8ANJ6,48863
A0A6S8B5R3,48863
A0A6S8G2A3,48964
A0A6S8G965,48987
A0A6S8CQX3,4902
A0A6S8G8Q8,49025
A0A6S8G612,4910
A0A6S8FRB4,49120
A0A6S8E018,49146
A0A6S7ZJD8,4917
A0A6S8BNC2,49215
A0A6S8F7G5,49263
A0A6S8FUX8,49344
A0A6S8CJL3,49475
A0A6S8DEU9,49686
A0A6S8AW65,49713
A0A6S8E2Z1,49718
A0A6S8AEX6,49785
A0A6S8EAU5,49923
A0A6S8G2L8,50058
A0A6S8C148,50094
A0A6S8CR33,50168
A0A6S8DZC8,50213
A0A6S8FWD0,50340
A0A6S8AUS0,50371
A0A6S8E1K6,50505
A0A6S8FJT1,50628
A0A6S8FLH3,50628
A0A6S8FRR3,50759
A0A6S7ZMR2,50828
A0A6S7ZWC6,50874
A0A6S8ERA7,50876
A0A6S8FKA4,50926
A0A6S8B0I7,51093
A0A6S8B2G2,51204
A0A6S8C1M7,51245
A0A6S7ZWW1,5141
A0A6S8CID3,5153
A0A6S8BXU3,51588
A0A6S8B6P4,51690
A0A6S8APP6,5171
A0A6S8BKX5,51759
A0A6S8GBI8,5177
A0A6S8GJ71,51772
A0A6S8ER67,51890
A0A6S8FJY2,51971
A0A6S8A9W8,52020
A0A6S8A3U0,52286
A0A6S7ZP96,52331
A0A6S8B1T3,5234
A0A6S8C2H0,52364
A0A6S8FEG6,5240
A0A6S8E3A7,52427
A0A6S8FUE8,52491
A0A6S8F4C6,52499
A0A6S7ZE97,52503
A0A6S8FDZ1,52538
A0A6S8C3D4,52554
A0A6S7ZTH0,52636
A0A6S8EN37,52656
A0A6S8A9W7,52765
A0A6S8G3K9,53101
A0A6S8BP98,53184
A0A6S8BHL2,53197
A0A6S8BD79,5331
A0A6S8BSM1,53311
A0A6S7ZJ58,53399
A0A6S8DU74,53462
A0A6S8AVC4,5359
A0A6S8BNI4,53960
A0A6S8DA89,54055
A0A6S8BSG1,54143
A0A6S8EEJ1,54189
A0A6S8EE01,54212
A0A6S8GD72,54255
A0A6S8AS36,54298
A0A6S8FXK0,54370
A0A6S8A754,54453
A0A6S8C9W8,54560
A0A6S8C5L2,54638
A0A6S8FGF0,5470
A0A6S8BAC9,54745
A0A6S8EVP3,5476
A0A6S8A6H4,54846
A0A6S8AYT9,54990
A0A6S8BSP9,55246
A0A6S8A3M5,5525
A0A6S8DZH0,55623
A0A6S8DS33,55668
A0A6S8ADZ2,55702
A0A6S8BBQ5,55737
A0A6S8BIH2,5577
A0A6S8ENW3,55836
A0A6S7ZN53,5590
A0A6S8CM10,55920
A0A6S7ZM28,55993
A0A6S8BRL9,56021
A0A6S8GBT5,56028
A0A6S8FFH8,56191
A0A6S8BHE1,56206
A0A6S8FTM3,56290
A0A6S8CLK8,56297
A0A6S8CC39,56410
A0A6S8D267,56523
A0A6S8C6L2,56540
A0A6S8DPL9,56576
A0A6S8E7B4,56587
A0A6S8AF23,56703
A0A6S8G950,56726
A0A6S8EN07,56791
A0A6S8EWM6,56807
A0A6S8BVD4,56898
A0A6S8E8H2,57035
A0A6S8DLK3,57046
A0A6S8A187,57079
A0A6S8AS87,5718
A0A6S8F0T5,57250
A0A6S7ZYN0,57370
A0A6S8C2X3,57554
A0A6S8A4J1,57601
A0A6S8CVK7,57751
A0A6S8AIN4,57766
A0A6S8DAZ9,58081
A0A6S8E5W5,58107
A0A6S8E0X4,58117
A0A6S8AHP8,58278
A0A6S8DMM0,583
A0A6S8A885,58407
A0A6S7ZXY2,58440
A0A6S8ANF1,58480
A0A6S8ABR8,58538
A0A6S8C6N3,58598
A0A6S7ZNH5,58610
A0A6S8G4J0,58613
A0A6S8AQT0,58680
A0A6S7ZN30,58775
A0A6S8FE73,58900
A0A6S7ZK56,58992
A0A6S8FZ96,59016
A0A6S8CXJ2,59042
A0A6S8ABJ6,59109
A0A6S8EAR3,59114
A0A6S8EHL7,59185
A0A6S8BAN3,59191
A0A6S8D5L0,59256
A0A6S8CY04,59396
A0A6S8ACC3,59506
A0A6S8BMA6,59520
A0A6S8FIL2,59656
A0A6S8FQP7,59690
A0A6S8BSP1,59719
A0A6S8CEV8,59792
A0A6S8D1D4,5980
A0A6S8EDY8,59944
A0A6S8DDG5,60018
A0A6S8EZV0,60133
A0A6S8AQ15,60171
A0A6S7ZXD5,60405
A0A6S8EBL6,60473
A0A6S8DTL1,60518
A0A6S8C0X5,60527
A0A6S8AY11,6065
A0A6S8ADE7,60767
A0A6S8A622,60779
A0A6S8C9G9,60890
A0A6S8DM75,60936
A0A6S8A3G1,60944
A0A6S8AZB5,61059
A0A6S8BA03,61128
A0A6S8ERM9,61211
A0A6S8A2T1,61301
A0A6S8AJY0,61326
A0A6S8FLD2,61452
A0A6S8AB42,61577
A0A6S8F9K9,61683
A0A6S8AKF2,6170
A0A6S8FXF3,61706
A0A6S8CSF7,61722
A0A6S8B9X7,61763
A0A6S8DZM9,61788
A0A6S8GTK2,61878
A0A6S7ZZQ7,61891
A0A6S7ZRX9,61961
A0A6S8CZM6,6203
A0A6S8C3F0,62099
A0A6S8B7T0,62164
A0A6S8C5V8,62206
A0A6S8C7W4,62275
A0A6S8BII3,62381
A0A6S8DUZ3,62448
A0A6S8B6R8,62499
A0A6S8AMV2,6264
A0A6S8AWX5,62673
A0A6S8DTH9,6269
A0A6S8AMC9,62754
A0A6S8CV74,62780
A0A6S8EZR8,6283
A0A6S8C5M8,62846
A0A6S8BCV8,62847
A0A6S8AFS1,62866
A0A6S8BPB9,62877
A0A6S8B3Z4,62893
A0A6S8F3U9,6297
A0A6S8D3U6,63003
A0A6S8B5Y5,63026
A0A6S7ZP73,63051
A0A6S8AKB0,63051
A0A6S8F854,631
A0A6S8D6W4,63111
A0A6S8GF73,63196
A0A6S8AHI0,63251
A0A6S8A7F5,6332
A0A6S8DZJ3,6349
A0A6S8E577,6349
A0A6S8EL02,63536
A0A6S8FHS8,63770
A0A6S8FAT4,6389
A0A6S8AC72,63922
A0A6S8AJB2,63955
A0A6S8G9C2,6409
A0A6S8AV67,64200
A0A6S8EFY5,64608
A0A6S8C6X4,64693
A0A6S8F3T7,64705
A0A6S8B9J4,64735
A0A6S8APU8,64907
A0A6S8F3T5,64918
A0A6S8A7L1,64919
A0A6S8CJ97,64941
A0A6S7ZI43,6524
A0A6S8B9G4,65330
A0A6S8BQT2,65367
A0A6S8EG88,65544
A0A6S8F1A1,65642
A0A6S8CSI2,65654
A0A6S8BEM0,65806
A0A6S8AQM2,65846
A0A6S8EAF5,65929
A0A6S8G0L3,65943
A0A6S8DQS1,6602
A0A6S7ZJZ8,6605
A0A6S8DZJ9,66133
A0A6S8C1Q8,66300
A0A6S8DSE8,66413
A0A6S8E1Q7,66506
A0A6S8ETX0,66605
A0A6S8B6F0,66673
A0A6S8AI98,66779
A0A6S8BS48,6687
A0A6S8C673,66937
A0A6S8BUP1,6697
A0A6S8E221,6697
A0A6S7ZRP1,67075
A0A6S8DBB7,6712
A0A6S8E857,67136
A0A6S8F8V5,6715
A0A6S8CQ92,67186
A0A6S8CAE9,67241
A0A6S8F0T6,6725
A0A6S8AJH0,6741
A0A6S8BW84,67481
A0A6S8F7F9,67516
A0A6S8EW60,67521
A0A6S8F9S1,67530
A0A6S8BYG0,6756
A0A6S8CC33,6756
A0A6S8DAE7,6756
A0A6S8CRR9,67677
A0A6S8GD77,67712
A0A6S8AUS2,67764
A0A6S8F0V7,67818
A0A6S8CGD1,67893
A0A6S8ALA7,67993
A0A6S7ZMJ1,68008
A0A6S8EPW6,6812
A0A6S8CPG5,68150
A0A6S8ESW6,68334
A0A6S8EPZ5,68336
A0A6S7ZQQ4,68342
A0A6S8EYA2,68359
A0A6S8DNB1,68378
A0A6S8BDU8,68400
A0A6S8BPM5,68435
A0A6S8C7H3,68446
A0A6S7ZVH9,68487
A0A6S8CB51,68492
A0A6S8FI21,68508
A0A6S8F3K9,6862
A0A6S8ENT8,68650
A0A6S8E936,68684
A0A6S8E554,68789
A0A6S7ZNY6,68803
A0A6S8ECN7,68806
A0A6S8DHW0,68849
A0A6S8EJ95,68908
A0A6S8BHH5,68928
A0A6S8CQB9,69010
A0A6S8BRF6,69053
A0A6S8BNQ8,69076
A0A6S8CAR9,69131
A0A6S8CBD1,69200
A0A6S8DYT4,69290
A0A6S8CE89,69326
A0A6S8ASC1,69397
A0A6S7ZKQ4,694
A0A6S8EV05,69401
A0A6S7ZWG1,69478
A0A6S8BAT7,69489
A0A6S8FFR1,69532
A0A6S8ANP6,69542
A0A6S8BSI2,69564
A0A6S8ATF8,69572
A0A6S8ENU7,69580
A0A6S8E2L7,69658
A0A6S8ERV6,69685
A0A6S8A437,69736
A0A6S8FDZ6,698
A0A6S8AQC2,69881
A0A6S8C803,69890
A0A6S8AZ48,70065
A0A6S8FYI3,70089
A0A6S8FBC7,70139
A0A6S8EA84,70150
A0A6S8BSA6,70167
A0A6S8AYJ7,70178
A0A6S8BH62,70198
A0A6S8AHB7,70240
A0A6S8E4B2,70248
A0A6S8AUG3,70273
A0A6S8EG40,70288
A0A6S8ETT4,70347
A0A6S8EU71,70361
A0A6S8B4U2,70503
A0A6S8AYH3,70512
A0A6S8BUU0,70519
A0A6S8CQY1,70527
A0A6S8FQM7,7054
A0A6S8GBU3,70565
A0A6S8E917,70603
A0A6S8BB76,70776
A0A6S8DVY8,70808
A0A6S8AT30,70893
A0A6S8AHI4,70895
A0A6S8AV98,7090
A0A6S8BQF5,70907
A0A6S8GBN1,70946
A0A6S8B3K5,70975
A0A6S8A430,71013
A0A6S8CJQ8,71098
A0A6S8ACP3,71163
A0A6S8EAX5,71189
A0A6S8AZ23,71282
A0A6S8BL46,71347
A0A6S8DZP2,71350
A0A6S8C171,71448
A0A6S8B1T8,71468
A0A6S8C6E5,71528
A0A6S8DJZ6,71680
A0A6S8BA30,71772
A0A6S8D9N0,71806
A0A6S8EY11,71815
A0A6S8CTJ1,71912
A0A6S8FXA4,71939
A0A6S8A7V2,71940
A0A6S8AI80,71960
A0A6S8D3F0,71966
A0A6S8DDF4,71978
A0A6S7ZLB5,72021
A0A6S8BNS2,72046
A0A6S8EXA7,72226
A0A6S8FVU1,72237
A0A6S8G8J5,72292
A0A6S8BHX4,7240
A0A6S8AY63,72426
A0A6S8FJB7,72431
A0A6S8EE81,72566
A0A6S8AII1,72646
A0A6S8DAD5,72706
A0A6S8C1N0,72745
A0A6S8C286,72797
A0A6S8CZP4,72904
A0A6S8FYH9,72922
A0A6S8D802,72990
A0A6S8FVW6,73016
A0A6S7ZNF1,73034
A0A6S8DG92,7307
A0A6S8BEC9,73169
A0A6S8AXZ4,73175
A0A6S8E2E2,73186
A0A6S8A417,73199
A0A6S8CQH6,73298
A0A6S8E1C5,73321
A0A6S8ADS3,73444
A0A6S8BCL3,73472
A0A6S8DSA4,73524
A0A6S8CHX9,73555
A0A6S8G689,73556
A0A6S8G3A1,7359
A0A6S7ZL30,73614
A0A6S8AE23,73713
A0A6S8A9L1,73719
A0A6S8B520,73731
A0A6S8BJ10,73779
A0A6S8DL03,73841
A0A6S8G036,73845
A0A6S8B9D2,73873
A0A6S8CDU1,7389
A0A6S8EAR2,73963
A0A6S8B5E6,74064
A0A6S8GBX5,74093
A0A6S8EEA1,74137
A0A6S8G047,74302
A0A6S8A1B9,74321
A0A6S8CTR6,74323
A0A6S8F6V6,74428
A0A6S8C1X5,74494
A0A6S8EM42,74537
A0A6S8ABA4,74618
A0A6S8ABZ0,74690
A0A6S8FDN3,74692
A0A6S8EY25,74694
A0A6S8ABK1,74731
A0A6S8D0T5,74786
A0A6S8A6G3,74803
A0A6S8CTM3,74860
A0A6S8ANH1,74885
A0A6S8D3N5,74893
A0A6S8DAI1,74907
A0A6S8AEH1,7500
A0A6S8AVK8,75005
A0A6S8BG79,75025
A0A6S8EJA6,75035
A0A6S8C6P8,75103
A0A6S8EFV9,75184
A0A6S8AG38,7519
A0A6S8BBH0,75220
A0A6S8AK85,7531
A0A6S8CV24,75346
A0A6S8EX42,75365
A0A6S8EAB2,75393
A0A6S8AZF9,75423
A0A6S8AB32,75453
A0A6S8FZ40,75483
A0A6S8ENB7,75567
A0A6S7ZPA1,75572
A0A6S8A1Q5,7561
A0A6S8AKD0,75654
A0A6S8EQC9,75655
A0A6S8BHX9,75711
A0A6S8CCJ8,75718
A0A6S7ZU59,75720
A0A6S8AMN0,75760
A0A6S7ZK34,75784
A0A6S8EFX5,75813
A0A6S8CGZ4,75978
A0A6S8FI62,76014
A0A6S8ESA7,76018
A0A6S8AB87,76108
A0A6S8D0L7,76233
A0A6S8B1R6,76334
A0A6S8CK42,76369
A0A6S8DFR7,76420
A0A6S8B404,76441
A0A6S8CT59,76467
A0A6S8EH28,76512
A0A6S7ZKB2,76535
A0A6S8F5L1,7656
A0A6S8G350,76642
A0A6S8AS53,76694
A0A6S7ZY08,76700
A0A6S8CMG9,76750
A0A6S8E589,76764
A0A6S8FN85,76790
A0A6S8EG90,76810
A0A6S8CFX4,76848
A0A6S8CMN4,7690
A0A6S8B076,77040
A0A6S8EXA0,77077
A0A6S8DMS8,7713
A0A6S8CDK4,77155
A0A6S8DMR1,77159
A0A6S8FWI8,77181
A0A6S8BM83,77227
A0A6S8C568,77259
A0A6S8DMQ9,7726
A0A6S8E0W3,77346
A0A6S8CZH0,7741
A0A6S8AI25,77435
A0A6S8C021,77439
A0A6S8FGE3,77441
A0A6S8B1H5,77449
A0A6S8ED52,77589
A0A6S8CML1,77592
A0A6S8CEI7,77652
A0A6S8EGZ1,7767
A0A6S7ZHF0,77683
A0A6S8EUU3,77712
A0A6S8AE19,77767
A0A6S8BRI6,77776
A0A6S8ER24,77895
A0A6S8CNC6,77947
A0A6S8FVJ6,78112
A0A6S8ASZ9,78137
A0A6S8DV77,78157
A0A6S8FIR1,78224
A0A6S8FT95,78373
A0A6S8CC71,78378
A0A6S7ZG02,78400
A0A6S8CFI8,78415
A0A6S8E460,78450
A0A6S8AN43,78462
A0A6S8E6N8,78490
A0A6S8F6C3,78506
A0A6S8FRD1,78516
A0A6S8EBH4,78530
A0A6S8A802,7860
A0A6S8BMH9,78700
A0A6S8B121,78722
A0A6S8C5R2,78757
A0A6S8DM33,78821
A0A6S8BIX7,78950
A0A6S8EPQ5,78961
A0A6S8AKQ6,78985
A0A6S8BF22,79000
A0A6S8DL43,79063
A0A6S8BVI2,79077
A0A6S8G123,79105
A0A6S8A473,79115
A0A6S8A4D2,79367
A0A6S8CRN7,79458
A0A6S8FVZ5,79468
A0A6S8DTP5,79519
A0A6S8FAY3,79615
A0A6S8ASE5,79674
A0A224ASZ0,7974
A0A6S8A9F5,7978
A0A6S8BUA7,79806
A0A6S8D5R7,79806
A0A6S8F061,79941
A0A6S8D5A2,80026
A0A6S8BGG6,80070
A0A6S8E9V7,80100
A0A6S8E4C2,80119
A0A6S7ZV92,80122
A0A6S8AP20,80143
A0A6S8CS11,80178
A0A6S8BBF2,80196
A0A6S8EYZ3,80200
A0A6S8EGS8,80217
A0A6S8BUC7,80279
A0A6S8CEQ0,80369
A0A6S8E6L5,80405
A0A6S8F0P7,80434
A0A6S7ZL21,80466
A0A6S8E0K8,80514
A0A6S8A309,80525
A0A6S8C6M5,80547
A0A6S7ZRX3,80577
A0A6S8B974,80591
A0A6S8C8X5,80595
A0A6S8BYJ4,80654
A0A6S8B320,80706
A0A6S8EFJ1,80724
A0A6S8FFG1,80745
A0A6S8CJU9,80768
A0A6S8D2A7,80810
A0A6S8B1U1,80822
A0A6S8B2F6,80910
A0A6S8AGT8,80930
A0A6S8B7E8,80982
A0A6S8F2J8,81013
A0A6S8B9I9,81024
A0A6S8BEH6,81024
A0A6S8E780,81116
A0A6S7ZYR2,81136
A0A6S8A2Q9,8120
A0A6S8GBU1,81213
A0A6S8D2E4,81247
A0A6S8FMA9,8126
A0A6S8E0T5,81310
A0A6S8F2Q2,81320
A0A6S8DR79,814
A0A6S8B2V5,81423
A0A6S8D6P7,81433
A0A6S8CDA2,81501
A0A6S8B7F8,81536
A0A6S8BDN9,81537
A0A6S8FXU4,81631
A0A6S8ALE1,81654
A0A6S8B282,81660
A0A6S8AAB1,81669
A0A6S8AHI5,81678
A0A6S8E7H1,81839
A0A6S8F607,81852
A0A6S8ARU7,81920
A0A6S8E3X0,81934
A0A6S8A705,81967
A0A6S8CMT2,81999
A0A6S8ASF8,82080
A0A6S7ZL41,82112
A0A6S8AKA7,82165
A0A6S8DUM3,82165
A0A6S8F0Y0,82177
A0A6S8FBM5,82177
A0A6S8A788,82182
A0A6S8BVF2,82186
A0A6S7ZZS3,82200
A0A6S8BGH2,82212
A0A6S8FRC5,82471
A0A6S8FX75,82560
A0A6S8B5Z6,82570
A0A6S8D3F6,82683
A0A6S8GAD4,82725
A0A6S7ZP82,82739
A0A6S8CKZ2,82753
A0A6S8A8G5,82756
A0A6S8FPS6,8278
A0A6S8B2P4,82949
A0A6S8ELI4,83039
A0A6S8FVV7,83054
A0A6S8EP72,83060
A0A6S8A959,83118
A0A6S8CF28,83142
A0A6S8DA03,83165
A0A6S8BGG2,83179
A0A6S8BLX2,83237
A0A6S8FBC1,83239
A0A6S8FJI0,83274
A0A6S8D8Q7,83316
A0A6S8D3R0,83323
A0A6S8DST5,83394
A0A6S8BA01,83400
A0A6S8AJ46,83414
A0A6S8ELE2,83442
A0A6S8DDY7,83484
A0A1J0I0C2,83486
A0A6S8BR08,8349
A0A6S8EBF2,83507
A0A6S8EK13,83530
A0A6S8BS59,8356
A0A6S8C472,8356
A0A6S8ELL8,83581
A0A6S8B5V1,83618
A0A6S8EKU0,8363
A0A6S8F7D6,83660
A0A6S8A9T4,83784
A0A6S8D098,8381
A0A6S8DTZ0,8387
A0A6S8DL33,83930
A0A6S8FA62,83954
A0A6S8FJW7,8399
A0A6S8FSL3,84056
A0A6S8GCU2,84085
A0A6S8CAR0,841
A0A6S8GAS0,84121
A0A6S8C0Z2,84143
A0A6S8BHC8,84148
A0A6S8CSR4,84164
A0A6S8E042,84200
A0A6S8AUJ1,84347
A0A6S8B0Z1,84352
A0A6S8AB82,8441
A0A6S8EE04,84539
A0A6S8F601,84578
A0A6S7ZE18,84586
A0A6S8DAC1,84665
A0A6S7ZRD5,84737
A0A6S7ZRT6,84882
A0A6S8BP85,84986
A0A6S8FCY0,85028
A0A6S8D8H7,85053
A0A6S8G9G1,85092
A0A6S8C7A2,85237
A0A6S8ENE5,85244
A0A6S8GHK0,85288
A0A6S8CMC1,85346
A0A6S8EJV3,85466
A0A6S8AIT3,8548
A0A6S8G383,85504
A0A6S8B086,85558
A0A6S8BJI7,85594
A0A6S8AKN1,85606
A0A6S8AVJ1,85612
A0A6S8D5D6,85644
A0A6S8A9N1,85647
A0A6S8D3V8,85647
A0A6S8FZL7,85714
A0A6S8BQG2,85731
A0A6S8FV89,85751
A0A6S8A0W4,85833
A0A6S8EIE6,85839
A0A6S8DWC8,85922
A0A6S8CQX1,86244
A0A6S8EFA1,86303
A0A6S8C7A5,86368
A0A6S8GB22,86370
A0A6S8G3B4,86419
A0A6S8ADT4,86915
A0A6S8DPL2,8852
A0A6S8BKB3,88558
A0A6S8ANT2,88808
A0A6S8BM70,8909
A0A6S8AJ04,8914
A0A6S8CKL1,8982
A0A6S8F755,9003
A0A6S8DSV2,9052
A0A6S8CGF1,90723
A0A6S8D7G1,90947
A0A6S8ALK4,91103
A0A6S8A197,91540
A0A6S8BXA6,91654
A0A6S8CG79,91675
A0A6S8C438,9170
A0A6S8CAU2,91824
A0A6S8B9K4,9259
A0A6S8B3K4,92601
A0A6S8ATG4,92676
A0A6S8DFV7,92818
A0A6S8DXC6,92981
A0A6S8CAA9,9308
A0A6S8CHK9,9308
A0A6S7ZPA6,93260
A0A6S8A006,935
A0A6S8A8Y7,93773
A0A6S8B6C7,9453
A0A6S8F7D5,95060
A0A6S8AFH4,9521
A0A6S8DUY8,95387
A0A6S8BF88,9551
A0A6S8BYQ0,95604
A0A6S8BF87,958
A0A6S8D737,95812
A0A6S8AFP6,95890
A0A6S8BAE4,95996
A0A6S8DU25,96037
A0A6S8AK46,96053
A0A6S8DZ55,9614
A0A6S8BUE0,96167
A0A6S8BT42,96173
A0A6S8FQ01,96332
A0A6S8B0J0,96374
A0A6S8FBH9,96374
A0A6S8E265,9664
A0A6S8BYR2,96710
A0A6S8EF49,97114
A0A6S8G8F9,9724
A0A6S7ZW00,9737
A0A6S8B376,97710
A0A6S8C8C9,97832
A0A6S8ADD8,98077
A0A6S8D9B8,98191
A0A6S8B3V3,9842
A0A6S8C0K9,98848
A0A6S8EKZ9,98887
A0A6S8AGM5,9956
A0A6S8AGE4,99646
A0A6S8ANB1,9974
A0A6S8EUF3,9977
A0A6S8EUZ0,9990
A0A6S8DVD4,99951
